id,name,category,subcategory,address,lat,lng,phone,operating_hours,status,source_date
1,인도래작은도서관,작은도서관,,"수원시 팔달구 장다리로 258, 1층(인계동)",37.2724927,127.0273976,031-5191-7837,,영업,2025-09-05
2,도담어린이작은도서관,작은도서관,,수원시 팔달구 창룡대로 103번길 69(매향동),37.2857375,127.0219042,031-5191-3848,,영업,2025-09-05
3,경기남부경찰청 작은도서관,작은도서관,,"수원시 장안구 창룡대로 223(연무동, 경기남부경찰청)",37.2947126,127.0336977,031-888-3321,,영업,2025-09-05
4,대추동이 작은도서관,작은도서관,,"수원시 장안구 송정로187번길 35-1(조원동, 영화새마을금고) 지하+수원시 장안구 조원로 89번길8 (조원동, 202) : 변경등록 미신고",37.2999476,127.0150643,031-242-9855,,영업,2025-09-05
5,두견마을작은도서관,작은도서관,,"수원시 장안구 수성로245번길 21(정자동, 두견마을영남우방한솔아파트) 관리동2층",37.2909439,126.997594,031-268-4004,,영업,2025-09-05
6,샬롬작은도서관,작은도서관,,"수원시 장안구 대평로51번길 22(정자동, 꽃뫼마을신안아파트) 상가동 지하1층(화평교회)",37.2931971,126.9930983,070-4001-0191,,영업,2025-09-05
7,솔로몬작은도서관,작은도서관,,수원시 장안구 상률로46번길 3(율전동) 유영타운 301호(은혜교회),37.3057437,126.9710758,031-252-3217,,영업,2025-09-05
8,솔향기작은도서관,작은도서관,,수원시 장안구 만석로 231(송죽동) 2층 (사)경기시민사회포럼,37.3067602,127.0024558,031-252-1330,,영업,2025-09-05
9,수원 열린도서관,작은도서관,,수원시 장안구 장안로 29(영화동) 삼일프라자 201호(수원열린장로교회),37.2876178,127.0054396,070-8947-1375,,영업,2025-09-05
10,예닮 작은도서관,작은도서관,,수원시 장안구 하률로 12번길 86(천천동) 골든프라자 403호(예닮교회),37.3009376,126.9772685,031-271-5591,,영업,2025-09-05
11,작은도서관 닮,작은도서관,,수원시 장안구 파장로 21번길 12-14(파장동) 1층,37.3045089,126.9971258,070-4327-0211,,영업,2025-09-05
12,푸르지오더에듀포레글터 작은도서관,작은도서관,,"수원시 장안구 화산로 85(천천동, 화서역푸르지오더에듀포레아파트) 2층",37.2922355,126.9805555,031-278-3722,,영업,2025-09-05
13,향기샘작은도서관,작은도서관,,"수원시 장안구 광교산로 42, 2층(영화동, 예수향기교회)",37.2949303,127.022779,031-294-9875,,영업,2025-09-05
14,행복나무작은도서관,작은도서관,,"수원시 장안구 만석로 228, 201호(송죽동)",37.3063493,127.0025187,070-8648-2737,,영업,2025-09-05
15,LH가온마을작은도서관,작은도서관,,"수원시 권선구 금곡로 137(금곡동, 수원호매실휴먼시아4단지) 관리사무소 2층",37.2746917,126.9470888,031-294-5101,,영업,2025-09-05
16,LH수원당수1단지 작은도서관,작은도서관,,수원시 권선구 당수로 130번길 13(당수동) 커뮤니티센터 2층,37.2865115,126.9443173,031-502-2514,,영업,2025-09-05
17,가온책마루 작은도서관,작은도서관,,"수원시 권선구 서수원로577번길 263(금곡동, 가온마을3단지)",37.276008,126.9426902,031-278-4946,,영업,2025-09-05
18,꿈꾸는 작은도서관,작은도서관,,"수원시 권선구 입북로47(입북동), 성지빌딩 4층",37.2958971,126.9588837,031-292-0604,,영업,2025-09-05
19,꿈밭작은도서관,작은도서관,,"수원시 권선구 입북로 77번길 62(입북동,서수원레이크푸르지오1단지) 1층",37.3005864,126.9534945,031-278-4741,,영업,2025-09-05
20,꿈이있는 작은도서관,작은도서관,,수원시 권선구 구운로85번길 47-15(구운동) 2층(생명나무교회),37.2802241,126.9707374,031-227-2728,,영업,2025-09-05
21,꿈터작은도서관,작은도서관,,"수원시 권선구 서호동로 20번길 32(서둔동, 대한예수교장로회진흥교회) 2층",37.2670558,126.9905966,031-294-1447,,영업,2025-09-05
22,나눔작은도서관(창조역량연구소),작은도서관,,"수원시 권선구 여기산로 10번길 10(서둔동, 창조역량연구소) 3층",37.278181,126.9790238,031-296-6900,,영업,2025-09-05
23,나무터작은도서관,작은도서관,,"수원시 권선구 금곡로140번길 29(금곡동, 수원호매실휴먼시아8단지) 관리사무소 2층",37.2729474,126.9472565,031-278-7516,,영업,2025-09-05
24,능실마을 21단지 작은도서관,작은도서관,,"수원시 권선구 호매실로 103(호매실동, 능실마을21단지아파트) 관리동 1층",37.2540833,126.9590664,031-291-0038,,영업,2025-09-05
25,능실마을 22단지 작은도서관,작은도서관,,"수원시 권선구 호매실로 166번길 10(호매실동, 능실마을22단지아파트) 관리동 2층",37.2581636,126.9593516,031-292-2116,,영업,2025-09-05
26,당수샘어린이도서관,작은도서관,,"수원시 권선구 당진로 22번길 20(당수동, 제자로교회) 2층",37.290985,126.9415185,031-504-5004,,영업,2025-09-05
27,라 포리엘 작은도서관,작은도서관,,수원시 권선구 당수로 129번길 10(당수동),37.2867782,126.9417249,031-406-0336,,영업,2025-09-05
28,로뎀나무 작은도서관,작은도서관,,"수원시 권선구 일월천로16번길 14(구운동), 3층",37.2833242,126.973976,031-297-0690,,영업,2025-09-05
29,마중작은도서관,작은도서관,,수원시 권선구 동수원로 25번길 55(권선동) 빛과소금교회 1층,37.2370697,127.0213859,031-224-2885,,영업,2025-09-05
30,북적북적 작은도서관,작은도서관,,수원시 권선구 당수로 129번길 28(당수동),37.2876949,126.9410199,031-502-6800,,영업,2025-09-05
31,사랑스러운 작은도서관,작은도서관,,"수원시 권선구 권선동 1028-12, 4층",37.2585522,127.0271193,070-8884-3132,,영업,2025-09-05
32,샘물도서관,작은도서관,,수원시 권선구 세권로207번길 10-24(권선동),37.2549454,127.0284538,031-236-8791,,영업,2025-09-05
33,서수원자이 어린이 문고,작은도서관,,"수원시 권선구 입북로 50(입북동, 서수원자이아파트) 관리사무소 2층",37.2967503,126.9600703,031-278-2636,,영업,2025-09-05
34,수원 권선꿈에그린 작은도서관,작은도서관,,"수원시 권선구 서수원로 99(오목천동, 권선꿈에그린아파트) 관리사무소 1층",37.2351387,126.9752315,031-298-6623,,영업,2025-09-05
35,아이파크시티 화담도서관,작은도서관,,"수원시 권선구 곡선로 20(권선동, 아이파크시티5,6단지) 관리사무소 2층",37.2386824,127.0265655,031-898-9169,,영업,2025-09-05
36,야움작은도서관,작은도서관,,"수원시 권선구 고색로 78번길 21(고색동, 온누리교회) 지층",37.2502581,126.9858968,031-254-9824,,영업,2025-09-05
37,오늘도 감사합니다 작은도서관,작은도서관,,"수원시 권선구 일월천로 15번길 21-6, 1층(구운동)",37.2840604,126.9717914,,,영업,2025-09-05
38,와우작은도서관,작은도서관,,"수원시 권선구 덕영대로1323번길 25-33(권선동, 우남아파트) 상가2층 ",37.2476052,127.0333032,031-212-0747,,영업,2025-09-05
39,우리동네 작은도서관,작은도서관,,"수원시 권선구 칠보로 241번길 6(호매실동, 열린중앙교회) 3층",37.2700544,126.9589739,031-292-0191,,영업,2025-09-05
40,제일드림작은도서관,작은도서관,,수원시 권선구 금곡로 106(금곡동) 우성메디피아 605호(제일드림교회),37.2739643,126.9420314,031-293-1728,,영업,2025-09-05
41,종려나무도서관,작은도서관,,"수원시 권선구 금곡로31번길 120(금곡동, 종려교회)",37.2740398,126.9342965,031-295-7780,,영업,2025-09-05
42,지혜의 숲 작은도서관,작은도서관,,"수원시 권선구 금곡로 73번길 71(금곡동, 엘지종합상가 403호)",37.2753902,126.9335056,031-227-6669,,영업,2025-09-05
43,책마중작은도서관,작은도서관,,"수원시 권선구 금곡로 225(금곡동), 221호",37.2751529,126.9548294,031-548-0691,,영업,2025-09-05
44,칠보꿈꾸는도서관,작은도서관,,"수원시 권선구 금곡로 20(금곡동, 칠보마을6단지) 관리사무소 2층",37.2694161,126.9398426,031-293-3210,,영업,2025-09-05
45,칠보마을작은도서관,작은도서관,,"수원시 권선구 금곡로102번길 126(호매실, 수원호매실휴먼시아7단지) 주민공동시설",37.2691382,126.9419322,031-294-0882,,영업,2025-09-05
46,칠보샘도서관[관리사무소와 통화할것,작은도서관,,"수원시 권선구 금곡로 46(금곡동, 수원호매실휴먼시아5단지)",37.272954,126.9399089,031-892-0146,,영업,2025-09-05
47,푸른꿈 금곡 작은도서관,작은도서관,,"수원시 권선구 서수원로 607(금곡동, 강남아파트) 상가 4층 금곡 처음사랑교회",37.2789953,126.9536568,031-295-0215,,영업,2025-09-05
48,푸른비전작은도서관,작은도서관,,수원시 권선구 금곡로 140번길 95-98 2층(호매실동),37.2683398,126.9439511,031-295-7991,,영업,2025-09-05
49,하늘꿈작은도서관,작은도서관,,수원시 권선구 정조로436번길 13(세류동),37.2484847,127.0135205,031-234-4150,,영업,2025-09-05
50,하늘나래 작은도서관,작은도서관,,수원시 권선구 정조로 410(세류동) 하늘나래아파트,37.2462977,127.0155882,031-202-4791,,영업,2025-09-05
51,해님달님작은도서관,작은도서관,,"수원시 권선구 경수대로 235번길 33(세류동), 2층",37.2489055,127.0158166,031-8025-3000,,영업,2025-09-05
52,행복한 산책,작은도서관,,수원시 권선구 금호로 61(금곡동) 2층,37.2700721,126.9581926,031-291-6102,,영업,2025-09-05
53,호매실금호어울림에듀포레 작은도서관,작은도서관,,"수원시 권선구 호매실로 165번길 71, (호매실동, 호매실금호어울림에듀포레아파트) 1층 ",37.2583806,126.9532118,031-291-9750,,영업,2025-09-05
54,호매실벨섬시티14단지 작은도서관,작은도서관,,"수원시 권선구 호매실로 218번길 22(호매실동, 호매실마을14단지 벨섬시티) 관리사무소 1층",37.2625786,126.9604488,031-292-3469,,영업,2025-09-05
55,희망나라 작은도서관,작은도서관,,수원시 권선구 세지로82번길 45(권선동) 2층(새하늘장로교회),37.2584758,127.0202992,031-252-5491,,영업,2025-09-05
56,LH쌍우물 작은도서관,작은도서관,,"수원시 팔달구 고등로 8(고등동, 수원고등 LH 2단지아파트 1층)",37.2725079,126.9980044,031-256-2201,,영업,2025-09-05
57,나란다 도서관,작은도서관,,수원시 팔달구 정조로 775(팔달로3가) 신성빌딩 4층(경기불교문화원),37.2771889,127.0161571,031-251-1083,,영업,2025-09-05
58,문학도서관,작은도서관,,수원시 팔달구 화서문로 35(장안동) 수원문학인의집 (1~3층),37.2852275,127.0117883,031-241-2321,,영업,2025-09-05
59,여명작은도서관,작은도서관,,수원시 팔달구 정조로 746(중동),37.2745765,127.0167772,,,영업,2025-09-05
60,작은도서관 책고집,작은도서관,,"수원시 팔달구 신풍로74(장안동), 2층",37.2875349,127.0135759,031-252-6558,,영업,2025-09-05
61,참조은 작은도서관,작은도서관,,수원시 팔달구 중부대로 223번길 20-7(우만동 )3층[1호] 참조은교회 ,37.2768748,127.0413687,070-4898-9006,,영업,2025-09-05
62,푸른작은도서관,작은도서관,,경기도 수원시 팔달구 고등로 15(수원역푸르지오자이아파트 1층),37.2755021,126.9989491,031-244-4086,,영업,2025-09-05
63,해맑은 작은도서관,작은도서관,,수원시 팔달구 월드컵로 369번길 27(우만동) 2층(수원예수사랑교회),37.289463,127.0292408,070-4644-3101,,영업,2025-09-05
64,현대문학작은도서관,작은도서관,,수원시 팔달구 인계로124번길 27-17(인계동) 화인빌딩 603호,37.266069,127.0317118,031-224-2075,,영업,2025-09-05
65,SQ푸른 작은도서관,작은도서관,,"수원시 영통구 권광로 260번길 36(매탄동),힐스테이트아파트 상가 206호",37.2716966,127.0396241,031-214-1519,,영업,2025-09-05
66,광교 오드카운티 작은도서관,작은도서관,,"수원시 영통구 센트럴파크로 100(이의동,광교센트럴타운오드카운티) 6406동 1층",37.2923224,127.0589622,031-216-8414,,영업,2025-09-05
67,광교해모로 숲속작은도서관,작은도서관,,"수원시 영통구 광교로 286(이의동, 광교LH해모로아파트)",37.306939,127.0524544,031-216-8754,,영업,2025-09-05
68,광교호반 책마루도서관,작은도서관,,"수원시 영통구 광교호수로152번길 80(하동, 광교21단지)",37.2775232,127.0679921,031-216-9744,,영업,2025-09-05
69,글샘작은도서관,작은도서관,,"수원시 영통구 광교중앙로 247(하동, 광교호수마을 휴먼시아32단지)",37.2940221,127.0656448,031-211-1937,,영업,2025-09-05
70,글향기작은도서관,작은도서관,,"수원시 영통구 중부대로 448번길28(원천동, 원천레이크파크) 관리사무소 2층",37.2686912,127.0608756,031-302-8263,,영업,2025-09-05
71,꿈담은 작은도서관,작은도서관,,"수원시 영통구 덕영대로 1545(영통동), 5층",37.2463116,127.0599323,031-203-0227,,영업,2025-09-05
72,나눔도서관,작은도서관,,"수원시 영통구 매영로 42-1(매탄동, 나눔의교회) 지하1층",37.2690076,127.0474887,031-211-0197,,영업,2025-09-05
73,늘푸른작은도서관,작은도서관,,"수원시 영통구 매영로 310번길 46(영통동, 영통중앙교회) 2층",37.2524996,127.0654073,031-205-9195,,영업,2025-09-05
74,도란도란책마을,작은도서관,,"수원시 영통구 센트럴타운로 85(이의동, 써밋플레이스 광교)",37.2908162,127.0505897,"031-212-2297, ",,영업,2025-09-05
75,동원작은도서관,작은도서관,,수원시영통구 태장로35번길 31(망포동) 2층(동원교회),37.2404055,127.0496393,031-203-7673,,영업,2025-09-05
76,사랑샘도서관,작은도서관,,"수원시 영통구 봉영로1517번길 27(영통동, 벽적골9단지 주공아파트) 관리사무소",37.2474596,127.0658499,031-202-4147,,영업,2025-09-05
77,상상도서관,작은도서관,,"수원시 영통구 센트럴파크로 34(하동, 광교센트럴타운62단지)",37.2891577,127.0635924,031-212-5508,,영업,2025-09-05
78,새벽이슬 작은도서관,작은도서관,,수원시 영통구 매탄로 142(매탄동) 양성프라자 304호(새벽이슬교회),37.2632713,127.044244,,,영업,2025-09-05
79,숲속의 작은도서관,작은도서관,,"수원시 영통구 영흥숲길 50(원천동, 영흥숲푸르지오파크비엔 108동 B1층)",37.2632806,127.0668201,031-217-5567,,영업,2025-09-05
80,신명동보 작은도서관,작은도서관,,"수원시 영통구 봉영로 1517번길 76(영통동, 동보신명아파트) 관리동 2층",37.2506602,127.0655755,031-203-0805,,영업,2025-09-05
81,영통롯데아파트 작은도서관,작은도서관,,"수원시 영통구 덕영대로 1555번길 20(영통동, 벽적골롯데아파트)",37.24724,127.062841,031-273-5936,,영업,2025-09-05
82,온유도서관,작은도서관,,수원시 영통구 청명남로 50(영통동) 문원빌딩 6층(온유교회),37.25381,127.0769014,031-205-8050,,영업,2025-09-05
83,작은도서관 나비,작은도서관,,수원시 영통구 영통로 200번길 136(망포동) 1층(사명의교회),37.243371,127.0638666,031-205-1841,,영업,2025-09-05
84,프리셉트 작은도서관,작은도서관,,수원시 영통구 센트럴파크로 113(이의동) 안디옥장로교회,37.2940019,127.0566168,031-246-0692,,영업,2025-09-05
85,하늘꿈 작은도서관,작은도서관,,수원시 영통구 인계로 268(매탄동) 2층(주품애교회),37.2636743,127.046615,070-8837-6351,,영업,2025-09-05
86,하늘땅 도서관,작은도서관,,"수원시 영통구 태장로 81(망포동) 이타운투 6층(산위에교회)608호, 610호",37.2397865,127.0548346,070-4135-1955,,영업,2025-09-05
87,한울타리작은도서관,작은도서관,,"수원시 영통구 권광로260번길 36(매탄동, 매탄현대힐스테이트) 관리동 2층",37.2716966,127.0396241,031-217-9502,,영업,2025-09-05
88,해늘작은도서관,작은도서관,,"수원시 영통구 도청로17번길 23(이의동, 자연앤자이)",37.2849331,127.0543707,031-213-2745,,영업,2025-09-05
89,호반써밋 작은도서관,작은도서관,,"수원시 영통구 법조로 134(하동, 광교호수마을 호반써밋아파트) ",37.2912048,127.0728542,031-216-7338,,영업,2025-09-05
90,휴&꿈 작은도서관,작은도서관,,수원시 영통구 권선로 812(매탄동) 지층,37.2549843,127.0388723,031-235-0223,,영업,2025-09-05
91,힐스테이트광교 작은도서관,작은도서관,,"수원시 영통구 센트럴파크로 6(하동, 힐스테이트 광교) 커뮤니티센터",37.285637,127.0644346,031-216-9306,,영업,2025-09-05
92,정자2동새마을문고,작은도서관,,"수원시 장안구 송정로 24번길 34 (정자2동, 주민센터3층)",37.2950651,127.000442,031-241-1790,,영업,2025-09-05
93,정자1동새마을문고,작은도서관,,"수원시 장안구 정자로 130번길 20 (정자1동, 주민센터별관2층)",37.3021999,126.9912879,031-256-4410,,영업,2025-09-05
94,연무동새마을문고,작은도서관,,수원시 장안구 월드컵로 422 (연무동) 2층,37.2935903,127.0263716,031-241-1232,,영업,2025-09-05
95,조원1동새마을문고,작은도서관,,"수원시 장안구 금당로 56 (조원1동, 주민센터1층)",37.3018728,127.0164315,031-228-5464,,영업,2025-09-05
96,새마을문고율천동분회,작은도서관,,"수원시 장안구 서부로2106번길 35 (율전동, 주민자치센터 4층)",37.2978101,126.97152,031-278-3915,,영업,2025-09-05
97,송죽동새마을문고,작은도서관,,"수원시 장안구 송원로 41번길 16-21 (송죽동, 주민센터3층)",37.3005189,127.0070114,031-241-1745,,영업,2025-09-05
98,새마을문고영화동분회,작은도서관,,"수원시 장안구 수성로 382번길 24(영화동, 행정복지센터 2층)",37.2931486,127.0139656,031-253-3944,,영업,2025-09-05
99,파장동새마을문고,작은도서관,,수원시 장안구 파장천로 60 (파장동) 주민센터 2층,37.3103529,126.9974438,031-228-5393,,영업,2025-09-05
100,율전삼성새마을작은도서관,작은도서관,,"수원시 장안구 서부로 2067 (율전동, 율전삼성A 관리동2층)",37.2944268,126.96873,031-891-3366,,영업,2025-09-05
101,정자3동천일새마을문고,작은도서관,,"수원시 장안구 하률로46번길 22 (천천동, 삼호진덕 관리동2층)",37.3023997,126.9776975,031-271-2611,,영업,2025-09-05
102,정자2동정2새마을문고,작은도서관,,"수원시 장안구 대평로51번길 22, 244동 1층(정자2동, 신안A)",37.2931971,126.9930983,031-269-1661,,영업,2025-09-05
103,조원2동새마을문고,작은도서관,,"수원시 장안구 송원로 109-50 (조원2동, 주민센터2층)",37.3056332,127.0096499,031-228-5778,,영업,2025-09-05
104,정자3동 그린빌새마을문고,작은도서관,,"수원시 장안구 천천로21번길 33 (정자3동, 청솔주공 관리동2층)",37.2927684,126.985392,031-268-0590,,영업,2025-09-05
105,신명새마을작은도서관,작은도서관,,"수원시 장안구 정자로41번길 12 (천천동, 신명A 관리동2층)",37.3023852,126.9819546,031-307-5033,,영업,2025-09-05
106,입북동새마을문고,작은도서관,,"수원시 권선구 입북로 17 (입북동, 주민센터2층)",37.2932329,126.959513,031-228-6772,,영업,2025-09-05
107,구운동새마을문고,작은도서관,,"수원시 권선구 구운로 47번길 57-33 (구운동, 주민센타2층)",37.2770625,126.9714302,031-292-9966,,영업,2025-09-05
108,새마을문고권선1동분회,작은도서관,,"수원시 권선구 경수대로 352번길 29 (권선1동, 행정복지센터2층)",37.2577881,127.0245684,031-228-6770,,영업,2025-09-05
109,세류2동새마을문고,작은도서관,,"수원시 권선구 덕영대로 1107 (세류2동, 주민센터2층)",37.2533664,127.0130702,031-228-6763,,영업,2025-09-05
110,곡선동새마을문고,작은도서관,,"수원시 권선구 동수원로 146번길 174 (곡반정동, 주민센터2층)",37.2433724,127.0333038,031-235-0903,,영업,2025-09-05
111,평동새마을문고,작은도서관,,"수원시 권선구 매송고색로 740 (고색동, 새마을금고3층)",37.2517237,126.985294,031-291-5921,,영업,2025-09-05
112,서둔동새마을문고,작은도서관,,"수원시 권선구 서호로 146 (서둔동,주민센타2층)",37.27258,126.9860539,031-228-6721,,영업,2025-09-05
113,세류1동새마을문고,작은도서관,,수원시 권선구 세류로 38번길 10 (세류1동),37.2622653,127.0079771,031-228-6868,,영업,2025-09-05
114,세류3동새마을문고,작은도서관,,"수원시 권선구 정조로 557 (세류3동, 주민센터2층)",37.2590538,127.0119411,031-228-6764,,영업,2025-09-05
115,호매실동새마을문고,작은도서관,,수원시 권선구 칠보로 161 (호매실동) 행정복지센터 1층,37.2662109,126.9570459,031-228-6917,,영업,2025-09-05
116,권선2동새마을문고,작은도서관,,"수원시 권선구 권중로 85 (권선동, 주민센터2층)",37.2513249,127.0296875,031-228-6680,,영업,2025-09-05
117,새마을문고금곡동분회,작은도서관,,"수원시 권선구 금곡로 196번길 20(금곡동, 행정복지센터 2층)",37.2727373,126.9521809,031-228-6909,,영업,2025-09-05
118,새마을문고인계동분회,작은도서관,,"수원시 팔달구 인계로 123번길 (인계동, KBS센터2층)",37.268052,127.0301429,031-237-4808,,영업,2025-09-05
119,지동새마을문고,작은도서관,,수원시 팔달구 창룡문로 34 창룡마을창작센터1층 (지동),37.280376,127.0215239,031-245-7490,,영업,2025-09-05
120,새마을문고화서1동분회,작은도서관,,"수원시 팔달구 동말로 4번길 10(화서1동, 행정복지센터 1층)",37.2764189,126.9950391,031-243-4746,,영업,2025-09-05
121,새마을문고행궁동분회,작은도서관,,수원시 팔달구 신풍로23번길 18(신풍동),37.2834791,127.0138827,031-241-1457,,영업,2025-09-05
122,우만2동새마을문고,작은도서관,,수원시 팔달구 중부대로 207번길 33 (우만동) 주민센타2층,37.278039,127.0397669,031-215-7872,,영업,2025-09-05
123,새마을문고우만1동분회,작은도서관,,"수원시 팔달구 세지로 406 (우만1동, 행정복지센터1층)",37.2853512,127.029414,031-245-2861,,영업,2025-09-05
124,새마을문고고등동분회,작은도서관,,"수원시 팔달구 고등로 37 (고등동, 행정복지센터 2층)",37.273466,127.0011269,031-255-3898,,영업,2025-09-05
125,매산동새마을문고,작은도서관,,"수원시 팔달구 세류로83번길 36-11, 3층 (매산로3가)",37.2676075,127.0088669,031-222-7136,,영업,2025-09-05
126,새마을문고매교동분회,작은도서관,,수원시 팔달구 정조로715번길 17 (매교동),37.271081,127.016265,031-228-7836,,영업,2025-09-05
127,화서2동새마을문고,작은도서관,,"수원시 팔달구 화산로 6번길 6 (화서동, 주민센터1층)",37.2851208,126.9862918,031-228-7972,,영업,2025-09-05
128,매탄3동새마을문고,작은도서관,,"수원시 영통구 동탄원천로 881번길 76(매탄동, 행정복지센터 3층)",37.2564467,127.0430982,031-213-5879,,영업,2025-09-05
129,매탄2동새마을문고,작은도서관,,"수원시 영통구 매영로 39번길 21(매탄동, 주민센터1층)",37.2701731,127.0474356,031-215-2728,,영업,2025-09-05
130,매탄4동새마을문고,작은도서관,,수원시 영통구 산남로 26-4 (매탄동) 주민센타3층,37.2651145,127.0486937,031-217-3372,,영업,2025-09-05
131,매탄1동새마을문고,작은도서관,,수원시 영통구 인계로 189번길 119 (매탄동) 주민센타2층,37.2705147,127.0404987,031-211-0026,,영업,2025-09-05
132,원천동새마을문고,작은도서관,,수원시 영통구 중부대로 339 (원천동) 주민센터1층,37.2734789,127.0532893,031-212-7583,,영업,2025-09-05
133,영통1동새마을문고,작은도서관,,수원시 영통구 봉영로 1759번길 23 (영통동) 주민센타2층,37.2663493,127.08057,031-203-0073,,영업,2025-09-05
134,영통2동새마을문고,작은도서관,,수원시 영통구 영통로 217번길 12 (영통동) 주민센타2층,37.2469632,127.0563198,031-205-9005,,영업,2025-09-05
135,망포2동새마을문고,작은도서관,,"수원시 영통구 태장로 39, 1층(망포2동, 커뮤니티센터)",37.2393854,127.0506374,031-202-8780,,영업,2025-09-05
136,광교1동새마을문고,작은도서관,,수원시 영통구 도청로 89번길 20 (이의동) 주민센타1층,37.2902086,127.047369,070-4139-0055,,영업,2025-09-05
137,새마을문고광교2동분회,작은도서관,,"수원시 영통구 법조로 149번길 155(광교2동, 행정복지세터2층)",37.2922771,127.0701599,031-228-8481,,영업,2025-09-05
138,선경도서관,도서관,공공도서관,경기도 수원시 팔달구 신풍로23번길 68(신풍동),37.28386229,127.0104308,031-5191-4728,평일 07:00~23:00 / 토 07:00~23:00 / 휴관일: 월요일+공휴일,영업,2026-01-01
139,중앙도서관,도서관,공공도서관,경기도 수원시 팔달구 팔달산로 318(교동),37.27358027,127.0121318,031-5191-4788,평일 07:00~23:00 / 토 07:00~23:00 / 휴관일: 금요일+공휴일,영업,2026-01-01
140,창룡도서관,도서관,공공도서관,경기도 수원시 팔달구 월드컵로381번길 36(우만동),37.29074267,127.027547,031-5191-4881,평일 07:00~23:00 / 토 07:00~21:00 / 휴관일: 금요일+공휴일,영업,2026-01-01
141,화서다산도서관,도서관,공공도서관,경기도 수원시 팔달구 화양로68번길 7-35(화서동),37.28564516,126.9974301,031-5191-3545,평일 07:00~23:00 / 토 07:00~21:00 / 휴관일: 월요일+공휴일,영업,2026-01-01
142,호매실도서관,도서관,공공도서관,경기도 수원시 권선구 칠보로 169(호매실동),37.26641239,126.9579291,031-5191-4658,평일 07:00~23:00 / 토 07:00~21:00 / 휴관일: 월요일+공휴일,영업,2026-01-01
143,서수원도서관,도서관,공공도서관,경기도 수원시 권선구 탑동로57번길 35(탑동),37.27311888,126.9720678,031-5191-4747,평일 07:00~23:00 / 토 07:00~23:00 / 휴관일: 금요일+공휴일,영업,2026-01-01
144,한림도서관,도서관,공공도서관,경기도 수원시 권선구 동수원로25번길 32-110(권선동),37.23760102,127.0250249,031-5191-4855,평일 07:00~23:00 / 토 07:00~21:00 / 휴관일: 금요일+공휴일,영업,2026-01-01
145,버드내도서관,도서관,공공도서관,경기도 수원시 권선구 세권로94번길 29,37.25682311,127.0147766,031-5191-4866,평일 07:00~23:00 / 토 07:00~21:00 / 휴관일: 월요일+공휴일,영업,2026-01-01
146,북수원도서관,도서관,공공도서관,경기도 수원시 장안구 만석로 65(정자동),37.29766409,126.9883075,031-5191-4779,평일 07:00~23:00 / 토 07:00~23:00 / 휴관일: 월요일+공휴일,영업,2026-01-01
147,대추골도서관,도서관,공공도서관,경기도 수원시 장안구 수일로 164(조원동),37.30660898,127.0080955,031-5191-4543,평일 07:00~23:00 / 토 07:00~21:00 / 휴관일: 금요일+공휴일,영업,2026-01-01
148,일월도서관,도서관,공공도서관,경기도 수원시 장안구 일월천로 77(천천동),37.286894,126.977793,031-5191-4890,평일 07:00~23:00 / 토 07:00~21:00 / 휴관일: 금요일+공휴일,영업,2026-01-01
149,광교홍재도서관,도서관,공공도서관,경기도 수원시 영통구 대학로 88(이의동),37.302936,127.047441,031-5191-4639,평일 07:00~23:00 / 토 07:00~23:00 / 휴관일: 월요일+공휴일,영업,2026-01-01
150,태장마루도서관,도서관,공공도서관,경기도 수원시 영통구 태장로 46(망포동),37.238669,127.051003,031-5191-4828,평일 07:00~23:00 / 토 07:00~23:00 / 휴관일: 금요일+공휴일,영업,2026-01-01
151,광교푸른숲도서관,도서관,공공도서관,경기도 수원시 영통구 광교호수로 131(하동),37.28095588,127.0668183,031-5191-3537,평일 07:00~23:00 / 토 07:00~21:00 / 휴관일: 금요일+공휴일,영업,2026-01-01
152,매여울도서관,도서관,공공도서관,경기도 수원시 영통구 효원로 415,37.25932937,127.0473596,031-5191-3571,평일 07:00~23:00 / 토 07:00~21:00 / 휴관일: 금요일+공휴일,영업,2026-01-01
153,망포글빛도서관,도서관,공공도서관,경기도 수원시 영통구 망포로 100(망포동),37.2398725,127.0449655,031-5191-4288,평일 07:00~23:00 / 토 07:00~21:00 / 휴관일: 월요일+공휴일,영업,2026-01-01
154,슬기샘어린이도서관,도서관,어린이도서관,경기도 수원시 장안구 송정로 9(송죽동),37.29757718,126.9991131,031-242-6633,평일 09:00~18:00 / 토 09:00~18:00 / 휴관일: 월요일+공휴일,영업,2026-01-01
155,지혜샘어린이도서관,도서관,어린이도서관,경기도 수원시 권선구 동탄원천로 818(권선동),37.248008,127.040081,031-225-5566,평일 09:00~18:00 / 토 09:00~18:00 / 휴관일: 월요일+공휴일,영업,2026-01-01
156,바른샘어린이도서관,도서관,어린이도서관,경기도 수원시 영통구 매봉로 10(매탄동 1213),37.268857,127.052367,031-216-9933,평일 09:00~18:00 / 토 09:00~18:00 / 휴관일: 월요일+공휴일,영업,2026-01-01
157,희망샘도서관,도서관,공공도서관,경기도 수원시 팔달구 권광로 293(인계동 333),37.27363194,127.0350112,031-218-0420,평일 09:00~22:00 / 토 09:00~20:00 / 휴관일: 일요일+공휴일,영업,2026-01-01
158,사랑샘도서관,도서관,공공도서관,경기도 수원시 영통구 창룡대로 255(이의동 1088-13),37.29554841,127.0360962,031-548-5660,평일 09:00~18:00 / 토 00:00~00:00 / 휴관일: 토요일+일요일+공휴일,영업,2026-01-01
159,반달어린이도서관,도서관,어린이도서관,경기도 수원시 권선구 매송고색로 620(고색동 905-11),37.247752,126.972927,031-291-6943,평일 09:00~17:00 / 토 00:00~00:00 / 휴관일: 토요일+일요일+공휴일,영업,2026-01-01
160,한아름도서관,도서관,공공도서관,경기도 수원시 영통구 반달로 45(영통동 1012-5),37.250685,127.077386,031-201-8350,평일 09:00~21:00 / 토 09:00~18:00 / 휴관일: 월요일+공휴일,영업,2026-01-01
161,SK청솔노인복지관,미세먼지쉼터,노인복지관,경기도 수원시 장안구 장안로 174,37.2990115,126.9974825,031-5191-3092,평일 09:00~18:00 / 주말·공휴일 미운영,영업,2025-11-13
162,버드내노인복지관,미세먼지쉼터,노인복지관,경기도 수원시 권선구 권선로564번길 36,37.2610995,127.0120294,031-5191-3092,평일 09:00~18:00 / 주말·공휴일 미운영,영업,2025-11-13
163,팔달노인복지관,미세먼지쉼터,노인복지관,경기도 수원시 팔달구 수원천로 343,37.283989,127.0174094,031-5191-3092,평일 09:00~18:00 / 주말·공휴일 미운영,영업,2025-11-13
164,광교노인복지관,미세먼지쉼터,노인복지관,경기도 수원시 영통구 센트럴타운로 22,37.2895143,127.0570198,031-5191-3092,평일 09:00~18:00 / 주말·공휴일 미운영,영업,2025-11-13
165,북수원도서관,미세먼지쉼터,도서관,경기도 수원시 장안구 만석로 65,37.298886,126.98967,031-5191-4774,평일 07:00~23:00 / 주말·공휴일 07:00~23:00,영업,2025-11-13
166,대추골도서관,미세먼지쉼터,도서관,경기도 수원시 장안구 수일로 164,37.30663,127.00809,031-5191-4819,평일 07:00~23:00 / 주말·공휴일 07:00~21:00,영업,2025-11-13
167,일월도서관,미세먼지쉼터,도서관,경기도 수원시 장안구 일월천로 77,37.28641,126.97686,031-5191-3654,평일 07:00~23:00 / 주말·공휴일 07:00~21:00,영업,2025-11-13
168,호매실도서관,미세먼지쉼터,도서관,경기도 수원시 권선구 칠보로 169,37.26672,126.95806,031-5191-4798,평일 09:00~21:00 / 주말·공휴일 09:00~18:00,영업,2025-11-13
169,서수원도서관,미세먼지쉼터,도서관,경기도 수원시 권선구 탑동로57번길 35,37.27319,126.97131,031-5191-4808,평일 09:00~21:00 / 주말·공휴일 09:00~18:00,영업,2025-11-13
170,한림도서관,미세먼지쉼터,도서관,경기도 수원시 권선구 동수원로25번길 32-52,37.23763,127.02493,031-5191-4861,평일 09:00~21:00 / 주말·공휴일 09:00~18:00,영업,2025-11-13
171,버드내도서관,미세먼지쉼터,도서관,경기도 수원시 권선구 세권로94번길 29,37.25696,127.01494,031-5191-4765,평일 09:00~21:00 / 주말·공휴일 09:00~18:00,영업,2025-11-13
172,창룡도서관,미세먼지쉼터,도서관,경기도 수원시 팔달구 월드컵로381번길 36,37.2908,127.02755,031-5191-4791,평일 07:00~23:00 / 주말·공휴일 07:00~21:00,영업,2025-11-13
173,화서다산도서관,미세먼지쉼터,도서관,경기도 수원시 팔달구 화양로68번길 7-35,37.28544,126.99738,031-5191-3543,평일 07:00~23:00 / 주말·공휴일 07:00~21:00,영업,2025-11-13
174,광교홍재도서관,미세먼지쉼터,도서관,경기도 수원시 영통구 대학로 88,37.3031,127.04741,031-5191-4813,평일 07:00~23:00 / 주말·공휴일 07:00~23:00,영업,2025-11-13
175,태장마루도서관,미세먼지쉼터,도서관,경기도 수원시 영통구 태장로 46,37.23875,127.05108,031-5191-4825,평일 07:00~23:00 / 주말·공휴일 07:00~23:00,영업,2025-11-13
176,광교푸른숲도서관,미세먼지쉼터,도서관,경기도 수원시 영통구 광교호수로 131,37.28081,127.06588,031-5191-3533,평일 07:00~23:00 / 주말·공휴일 07:00~21:00,영업,2025-11-13
177,매여울도서관,미세먼지쉼터,도서관,경기도 수원시 영통구 효원로 415,37.26357,127.04373,031-5191-3565,평일 07:00~23:00 / 주말·공휴일 07:00~21:00,영업,2025-11-13
178,망포글빛도서관,미세먼지쉼터,도서관,경기도 수원시 영통구 동탄지성로 549-15,37.24073,127.04365,031-5191-4292,평일 07:00~23:00 / 주말·공휴일 07:00~21:00,영업,2025-11-13
179,지혜샘어린이도서관,미세먼지쉼터,어린이도서관,경기도 수원시 권선구 동탄원천로 818,37.24789,127.0398,031-5191-4802,평일 09:00~18:00 / 주말·공휴일 09:00~18:00,영업,2025-11-13
180,밤밭노인복지관,미세먼지쉼터,노인복지관,경기도 수원시 장안구 상률로 53,37.3063661,126.9721894,031-5191-3092,평일 09:00~18:00 / 주말·공휴일 미운영,영업,2025-11-13
181,슬기샘어린이도서관,미세먼지쉼터,어린이도서관,경기도 수원시 장안구 송정로 9,37.29765,126.99918,031-5191-4802,평일 09:00~18:00 / 주말·공휴일 09:00~18:00,영업,2025-11-13
182,조원2동행정복지센터,미세먼지쉼터,행정복지센터,경기도 수원시 장안구 송원로 109-50,37.30568,127.00968,031-5191-5742,평일 09:00~18:00 / 주말·공휴일 미운영,영업,2025-11-13
183,기후변화체험교육관,미세먼지쉼터,체험교육시설,경기도 수원시 권선구 호매실로 46-38,37.2579,126.96864,031-5191-2865,평일 10:00~17:00 / 주말·공휴일 10:00~17:00,영업,2025-11-13
184,바른샘어린이도서관,미세먼지쉼터,어린이도서관,경기도 수원시 영통구 매봉로 10,37.26892,127.05239,031-5191-4802,평일 09:00~18:00 / 주말·공휴일 09:00~18:00,영업,2025-11-13
185,광교2동행정복지센터,미세먼지쉼터,행정복지센터,경기도 수원시 영통구 법조로149번길 155,37.29229,127.07008,031-5191-8468,평일 09:00~18:00 / 주말·공휴일 미운영,영업,2025-11-13
186,파송,경로당,경로당,경기도 수원시 장안구 파장로22번길 30,37.30558414,126.9990282,031-256-1688,,영업,2025-11-21
187,파장,경로당,경로당,경기도 수원시 장안구 파장천로 51,37.30998862,126.9963298,031-247-6098,,영업,2025-11-21
188,이목,경로당,경로당,경기도 수원시 장안구 장안로398번길 13,37.31572845,126.984646,031-245-8680,,영업,2025-11-21
189,세일,경로당,경로당,경기도 수원시 장안구 이목로74번길 42,37.31001201,126.990727,031-255-3014,,영업,2025-11-21
190,화남2차(아),경로당,경로당,경기도 수원시 장안구 파장천로44번길 33,37.30913295,126.9980041,031-248-0396,,영업,2025-11-21
191,삼익(아),경로당,경로당,경기도 수원시 장안구 경수대로 1102,37.31084579,126.9927543,031-257-6713,,영업,2025-11-21
192,이화,경로당,경로당,경기도 수원시 장안구 장안로478번길 55,37.32070655,126.9750296,031-258-2175,,영업,2025-11-21
193,일림,경로당,경로당,경기도 수원시 장안구 수일로104번길 20,37.30864072,127.001409,031-253-3515,,영업,2025-11-21
194,현대(아),경로당,경로당,경기도 수원시 장안구 파장천로44번길 87,37.30787161,127.0004617,,,영업,2025-11-21
195,노송,경로당,경로당,경기도 수원시 장안구 경수대로1073번길 11,37.30840292,126.9947985,031-242-2466,,영업,2025-11-21
196,장안힐스테이트(아),경로당,경로당,경기도 수원시 장안구 장안로359번길 20,37.31365694,126.9844123,031-269-0906,,영업,2025-11-21
197,북수원아이파크(아),경로당,경로당,경기도 수원시 장안구 경수대로 1110-15,37.31137271,126.9912942,031-241-0849,,영업,2025-11-21
198,STX칸(아),경로당,경로당,경기도 수원시 장안구 장안로 395,37.31439734,126.9832608,031-269-6669,,영업,2025-11-21
199,포레나 북수원(아),경로당,경로당,경기도 수원시 장안구 경수대로 1110-39,37.3135567433,126.9945229555,031-269-0654,,영업,2025-11-21
200,상율전,경로당,경로당,경기도 수원시 장안구 서부로2181번길 68-8,37.30387247,126.9697736,031-207-7052,,영업,2025-11-21
201,천록(아),경로당,경로당,경기도 수원시 장안구 화산로203번길 27,37.29814264,126.9741593,031-296-0485,,영업,2025-11-21
202,새밤밭,경로당,경로당,경기도 수원시 장안구 서부로 2193,37.30415454,126.9725884,031-207-9455,,영업,2025-11-21
203,밤밭,경로당,경로당,경기도 수원시 장안구 율전로85번길 17-4,37.29754961,126.9673424,031-292-3539,,영업,2025-11-21
204,율전,경로당,경로당,경기도 수원시 장안구 서부로2106번길 26-16,37.2967855,126.9717946,031-297-6667,,영업,2025-11-21
205,신일(아),경로당,경로당,경기도 수원시 장안구 화산로 263,37.29936616,126.9675682,031-306-1888,,영업,2025-11-21
206,화남(아),경로당,경로당,경기도 수원시 장안구 화산로285번길 12,37.30028647,126.9644078,031-293-9945,,영업,2025-11-21
207,삼성1단지(아),경로당,경로당,경기도 수원시 장안구 서부로 2065,37.29109887,126.9692623,031-296-5633,,영업,2025-11-21
208,삼성2단지(아),경로당,경로당,경기도 수원시 장안구 서부로 2067,37.29342323,126.9687198,031-294-2696,,영업,2025-11-21
209,늘푸른벽산(아),경로당,경로당,경기도 수원시 장안구 율전로101번길 40,37.29894416,126.966767,031-297-8662,,영업,2025-11-21
210,천천삼성래미안(아),경로당,경로당,경기도 수원시 장안구 화산로187번길 19,37.29798241,126.9757409,031-309-9978,,영업,2025-11-21
211,밤꽃마을 주공2단지(아),경로당,경로당,경기도 수원시 장안구 상률로12번길 28,37.30692204,126.9668134,031-302-6595,,영업,2025-11-21
212,율전 이안(아),경로당,경로당,경기도 수원시 장안구 율전로 73,37.29632699,126.9670361,031-892-6231,,영업,2025-11-21
213,밤꽃마을 뜨란채(아),경로당,경로당,경기도 수원시 장안구 상률로 32,37.30672105,126.9689094,031-309-2152,,영업,2025-11-21
214,율전 벽산블루밍(아),경로당,경로당,경기도 수원시 장안구 덕영대로407번길 63-27,37.30489189,126.9657891,031-892-4020,,영업,2025-11-21
215,화서역푸르지오더에듀포레(아),경로당,경로당,경기도 수원시 장안구 화산로 85,37.29115659,126.9805545,031-296-0016,,영업,2025-11-21
216,점터,경로당,경로당,경기도 수원시 장안구 정자천로13번길 19-6,37.28975625,126.9782483,070-8180-9474,,영업,2025-11-21
217,서희스타힐스 3단지(아),경로당,경로당,경기도 수원시 장안구 덕영대로407번길 83,37.30464466,126.9667826,031-269-2966,,영업,2025-11-21
218,수원성균관대역동문디이스트(아),경로당,경로당,경기도 수원시 장안구 율전로101번길 73,37.29721768,126.9654807,031-278-7133,,영업,2025-11-21
219,동신1단지(아),경로당,경로당,경기도 수원시 장안구 장안로 232,37.30437487,126.9934743,031-256-5202,,영업,2025-11-21
220,동신2단지(아),경로당,경로당,경기도 수원시 장안구 장안로 211,37.30148663,126.9941413,031-256-3212,,영업,2025-11-21
221,정자1동,경로당,경로당,경기도 수원시 장안구 정자로130번길 20,37.30221323,126.9912924,031-307-0888,,영업,2025-11-21
222,동신3단지(아),경로당,경로당,경기도 수원시 장안구 장안로 199,37.30064493,126.9951679,031-242-9649,,영업,2025-11-21
223,남서울그린맨션(아),경로당,경로당,경기도 수원시 장안구 만석로159번길 77,37.30485243,126.9956561,031-256-6999,,영업,2025-11-21
224,미도(아),경로당,경로당,경기도 수원시 장안구 대평로162번길 50,37.30260679,126.992329,031-244-9565,,영업,2025-11-21
225,경남아너스빌(아),경로당,경로당,경기도 수원시 장안구 만석로159번길 31,37.30163317,126.9974207,031-244-0201,,영업,2025-11-21
226,벽산블루밍(아),경로당,경로당,경기도 수원시 장안구 파장로 53,37.30541345,126.994493,031-893-6654,,영업,2025-11-21
227,동남(아),경로당,경로당,경기도 수원시 장안구 정자로 158,37.30479176,126.993191,031-246-4484,,영업,2025-11-21
228,SK스카이뷰(아),경로당,경로당,경기도 수원시 장안구 이목로 24,37.30939322,126.9835623,031-269-3993,,영업,2025-11-21
229,현대(아),경로당,경로당,경기도 수원시 장안구 정자천로188번길 71-21,37.29415927,126.998696,031-251-1464,,영업,2025-11-21
230,정자2동,경로당,경로당,경기도 수원시 장안구 송정로60번길 10-23,37.29552882,127.0025689,031-247-7975,,영업,2025-11-21
231,장안(아),경로당,경로당,경기도 수원시 장안구 덕영대로639번길 70,37.29092818,126.9900448,031-269-1115,,영업,2025-11-21
232,우방센트럴파크(아),경로당,경로당,경기도 수원시 장안구 수성로245번길 21,37.28974896,126.9987696,031-269-9393,,영업,2025-11-21
233,꽃뫼노을마을 신안(아),경로당,경로당,경기도 수원시 장안구 대평로51번길 22,37.29307795,126.9937481,031-269-5331,,영업,2025-11-21
234,두견마을 현대-벽산(아),경로당,경로당,경기도 수원시 장안구 정자천로188번길 64,37.29318573,126.9962361,031-269-2296,,영업,2025-11-21
235,기로,경로당,경로당,경기도 수원시 장안구 수성로245번길 68,37.29228275,126.9975454,031-253-8849,,영업,2025-11-21
236,두견마을 벽산3차(아),경로당,경로당,경기도 수원시 장안구 정자천로188번길 28,37.29497112,126.9955839,031-268-1400,,영업,2025-11-21
237,꽃뫼노을마을 대동(아),경로당,경로당,경기도 수원시 장안구 대평로39번길 8,37.29202376,126.9941873,031-308-3089,,영업,2025-11-21
238,화서역파크뷰,경로당,경로당,경기도 수원시 장안구 대평로51번길 56,37.29224942,126.9917689,031-268-0009,,영업,2025-11-21
239,꽃뫼노을마을 한마루(아),경로당,경로당,경기도 수원시 장안구 덕영대로639번길 63,37.29108457,126.9887069,031-268-1994,,영업,2025-11-21
240,기산(아),경로당,경로당,경기도 수원시 장안구 송정로76번길 45,37.29434683,127.0072298,031-243-1137,,영업,2025-11-21
241,정자동 신미주(아),경로당,경로당,경기도 수원시 장안구 수성로275번길 133,37.29515445,126.9981067,031-247-0548,,영업,2025-11-21
242,눈e부신(아),경로당,경로당,경기도 수원시 장안구 영화로71번길 3,37.29254624,127.0065217,031-252-4567,,영업,2025-11-21
243,수원정자금강에스쁘아(아),경로당,경로당,경기도 수원시 장안구 영화로71번길 24,37.29256937,127.0051331,031-244-1360,,영업,2025-11-21
244,화서역파크푸르지오시니어룸,경로당,경로당,"경기도 수원시 장안구 대평로 27 (정자동, 화서역 파크푸르지오)",37.28997234,126.9945886,,,영업,2025-11-21
245,백설마을 현대코오롱(아),경로당,경로당,경기도 수원시 장안구 만석로68번길 10,37.29674446,126.9889194,031-269-4373,,영업,2025-11-21
246,연꽃마을 풍림(아),경로당,경로당,경기도 수원시 장안구 정자천로189번길 47,37.29842976,126.9923568,031-269-0615,,영업,2025-11-21
247,동양고속 성지(아),경로당,경로당,경기도 수원시 장안구 정자천로133번길 26,37.29513422,126.9911147,031-269-0119,,영업,2025-11-21
248,삼환나우빌(아),경로당,경로당,경기도 수원시 장안구 천천로22번길 34,37.29423783,126.9895157,031-269-7193,,영업,2025-11-21
249,연꽃마을 벽산(아),경로당,경로당,경기도 수원시 장안구 정자천로189번길 40,37.29814023,126.9952981,031-268-0498,,영업,2025-11-21
250,비단마을 영풍(아),경로당,경로당,경기도 수원시 장안구 덕영대로535번길 67,37.29807923,126.9832693,031-304-7889,,영업,2025-11-21
251,청솔마을 한라비발디(아),경로당,경로당,경기도 수원시 장안구 만석로20번길 28,37.29385892,126.9844114,031-308-2216,,영업,2025-11-21
252,백설마을 주공2단지(아),경로당,경로당,경기도 수원시 장안구 대평로89번길 10,37.29621805,126.9919837,031-305-9919,,영업,2025-11-21
253,백설에듀빌 경로당,경로당,경로당,경기도 수원시 장안구 대평로89번길 32,37.29584767,126.9911508,031-268-7217,,영업,2025-11-21
254,대월마을 대림진흥(아),경로당,경로당,경기도 수원시 장안구 천천로74번길 92,37.30062444,126.9882053,031-304-6362,,영업,2025-11-21
255,비단마을 베스트타운(아),경로당,경로당,경기도 수원시 장안구 정자로42번길 52,37.29877142,126.981574,031-268-6986,,영업,2025-11-21
256,청솔마을 SK한화(아),경로당,경로당,경기도 수원시 장안구 만석로20번길 25,37.2953338,126.9848683,031-306-0525,,영업,2025-11-21
257,비단마을현대 성우우방(아),경로당,경로당,경기도 수원시 장안구 만석로 29,37.29618273,126.9853546,031-268-2633,,영업,2025-11-21
258,북수원리버파크,경로당,경로당,경기도 수원시 장안구 천천로74번길 35,37.3000162,126.986172,031-306-9082,,영업,2025-11-21
259,화서역 위너스파크(아),경로당,경로당,경기도 수원시 장안구 천천로21번길 33,37.2929151,126.9859701,031-308-9220,,영업,2025-11-21
260,일성(아),경로당,경로당,경기도 수원시 장안구 정자로19번길 18,37.30069288,126.9794101,031-271-0024,,영업,2025-11-21
261,비단마을 신명(아),경로당,경로당,경기도 수원시 장안구 정자로41번길 12,37.30115977,126.9819739,031-305-5034,,영업,2025-11-21
262,삼호 진덕(아),경로당,경로당,경기도 수원시 장안구 하률로46번길 22,37.30267863,126.9776435,031-271-0388,,영업,2025-11-21
263,신안 한일(아),경로당,경로당,경기도 수원시 장안구 하률로30번길 22,37.30262712,126.9751045,031-271-3348,,영업,2025-11-21
264,현대(아),경로당,경로당,경기도 수원시 장안구 하률로46번길 17,37.30269384,126.9785128,031-271-1989,,영업,2025-11-21
265,동부,경로당,경로당,경기도 수원시 장안구 수원천로 445,37.29207948,127.0217638,031-256-8626,,영업,2025-11-21
266,영화서부,경로당,경로당,경기도 수원시 장안구 영화로38번길 4,37.29032348,127.0089837,031-254-6955,,영업,2025-11-21
267,영화,경로당,경로당,경기도 수원시 장안구 팔달로291번길 21-20,37.29117224,127.0146298,031-245-0250,,영업,2025-11-21
268,동성영화타운(아),경로당,경로당,경기도 수원시 장안구 정조로 941,37.29128283,127.0119111,031-243-7882,,영업,2025-11-21
269,영화동 벽산(아),경로당,경로당,경기도 수원시 장안구 수성로402번길 45-2,37.29328846,127.0176053,031-253-0477,,영업,2025-11-21
270,화성,경로당,경로당,경기도 수원시 장안구 영화로7번길 22,37.2876564,127.0091182,031-256-8686,,영업,2025-11-21
271,태영(아),경로당,경로당,경기도 수원시 장안구 영화로25번길 22,37.28904192,127.0080099,031-241-2566,,영업,2025-11-21
272,화홍,경로당,경로당,경기도 수원시 장안구 수원천로 407,37.28970665,127.0188067,,,영업,2025-11-21
273,서문,경로당,경로당,경기도 수원시 장안구 수성로262번길 77,37.28766927,127.0046761,031-248-9633,,영업,2025-11-21
274,만석공원,경로당,경로당,경기도 수원시 장안구 정조로1088번길 6-6,37.30222909,127.0033486,031-254-9406,,영업,2025-11-21
275,솔대,경로당,경로당,경기도 수원시 장안구 수일로118번길 23,37.30782616,127.0027615,031-245-6007,,영업,2025-11-21
276,동진(아),경로당,경로당,경기도 수원시 장안구 정조로1060번길 5,37.30124692,127.0045957,031-248-1327,,영업,2025-11-21
277,로얄팰리스(아),경로당,경로당,경기도 수원시 장안구 송정로 83,37.29610342,127.0082943,031-888-7004,,영업,2025-11-21
278,안심마을,경로당,경로당,경기도 수원시 장안구 정조로1041번길 12-3,37.29859665,127.0057188,031-247-5995,,영업,2025-11-21
279,수원아너스빌위즈(아),경로당,경로당,경기도 수원시 장안구 송원로 20,37.29709458,127.006568,031-242-3203,,영업,2025-11-21
280,조원,경로당,경로당,경기도 수원시 장안구 조원로111번길 33-23,37.30016105,127.014133,031-256-9671,,영업,2025-11-21
281,송원,경로당,경로당,경기도 수원시 장안구 송정로138번길 7-9,37.29665889,127.0126295,031-245-9793,,영업,2025-11-21
282,금당골,경로당,경로당,경기도 수원시 장안구 조원로58번길 39,37.30009731,127.0200182,031-247-5917,,영업,2025-11-21
283,조원동 벽산(아),경로당,경로당,경기도 수원시 장안구 조원로 16,37.2969402,127.0213735,031-246-3506,,영업,2025-11-21
284,보훈복지타운 제1,경로당,경로당,경기도 수원시 장안구 수일로336번길 9,37.29954075,127.022941,031-244-0577,,영업,2025-11-21
285,보훈복지타운 제2,경로당,경로당,경기도 수원시 장안구 수일로336번길 9,37.29954075,127.022941,031-244-0577,,영업,2025-11-21
286,보훈복지타운 제3,경로당,경로당,경기도 수원시 장안구 수일로336번길 9,37.29954075,127.022941,031-244-0577,,영업,2025-11-21
287,보훈복지타운 제4,경로당,경로당,경기도 수원시 장안구 수일로336번길 9,37.29954075,127.022941,031-244-0577,,영업,2025-11-21
288,보훈복지타운 제5,경로당,경로당,경기도 수원시 장안구 수일로336번길 9,37.29954075,127.022941,031-244-0577,,영업,2025-11-21
289,보훈복지타운 제7,경로당,경로당,경기도 수원시 장안구 수일로336번길 9,37.29954075,127.022941,031-244-0577,,영업,2025-11-21
290,조원주공뉴타운 2단지(아),경로당,경로당,경기도 수원시 장안구 금당로39번길 34,37.30439047,127.0178064,031-258-9226,,영업,2025-11-21
291,조원주공뉴타운 1단지(아),경로당,경로당,경기도 수원시 장안구 금당로39번길 33,37.30451968,127.0151755,031-268-8866,,영업,2025-11-21
292,더샵광교산퍼스트파크,경로당,경로당,"경기도 수원시 장안구 송정로 190 (조원동, 더샵광교산퍼스트파크)",37.29827115,127.0176217,031-895-4146,,영업,2025-11-21
293,한일타운(아) 제1,경로당,경로당,경기도 수원시 장안구 경수대로976번길 22,37.30632759,127.0047182,031-256-9985,,영업,2025-11-21
294,한일타운(아) 제2,경로당,경로당,경기도 수원시 장안구 경수대로976번길 22,37.30632759,127.0047182,031-247-5678,,영업,2025-11-21
295,스위첸(아),경로당,경로당,경기도 수원시 장안구 송원로 131-28,37.30677156,127.0119328,031-252-2223,,영업,2025-11-21
296,광교산 임광그대가(아),경로당,경로당,경기도 수원시 장안구 수일로 205,37.3069599,127.0133862,031-258-4812,,영업,2025-11-21
297,동문밖,경로당,경로당,경기도 수원시 장안구 경수대로754번길 59,37.29318475,127.0239151,031-248-2866,,영업,2025-11-21
298,장수,경로당,경로당,경기도 수원시 장안구 월드컵로418번길 31,37.29437818,127.0274999,031-251-6274,,영업,2025-11-21
299,창훈대,경로당,경로당,경기도 수원시 장안구 창훈로39번길 4,37.29615042,127.0301409,031-244-5825,,영업,2025-11-21
300,창용,경로당,경로당,경기도 수원시 장안구 창훈로29번길 74,37.29644214,127.0269572,031-244-8999,,영업,2025-11-21
301,상광교,경로당,경로당,경기도 수원시 장안구 광교산로 541,37.33021416,127.0147736,031-244-1322,,영업,2025-11-21
302,수성,경로당,경로당,경기도 수원시 장안구 연무로20번길 15,37.29463983,127.0290872,031-257-5314,,영업,2025-11-21
303,연무,경로당,경로당,경기도 수원시 장안구 경수대로 757,37.29056091,127.0215333,031-241-1020,,영업,2025-11-21
304,신미주(아),경로당,경로당,경기도 수원시 장안구 광교산로 148,37.30035216,127.031454,031-241-1611,,영업,2025-11-21
305,성원(아),경로당,경로당,경기도 수원시 장안구 창훈로60번길 31,37.29850628,127.0294033,031-242-9221,,영업,2025-11-21
306,하광교,경로당,경로당,경기도 수원시 장안구 광교산로 365,37.31556132,127.0189921,031-255-8199,,영업,2025-11-21
307,목화(아),경로당,경로당,경기도 수원시 장안구 창훈로 57-11,37.29679624,127.0299732,031-251-2255,,영업,2025-11-21
308,유천,경로당,경로당,경기도 수원시 장안구 연무로56번길 46-4,37.2973517,127.0270853,031-225-3826,,영업,2025-11-21
309,서광교파크스위첸(아),경로당,경로당,"경기도 수원시 장안구 창훈로 30 (연무동, 서광교 파크 스위첸)",37.29481651,127.0315081,,,영업,2025-11-21
310,분회,경로당,경로당,경기도 수원시 권선구 세류로38번길 13-8,37.26261399,127.0088246,031-238-0331,,영업,2025-11-21
311,공신,경로당,경로당,경기도 수원시 권선구 세류로11번길 6-1,37.26230389,127.0049322,031-233-1033,,영업,2025-11-21
312,가는골,경로당,경로당,경기도 수원시 권선구 덕영대로997번길 61,37.25855985,127.0072544,031-239-3911,,영업,2025-11-21
313,수원역해모로(아),경로당,경로당,경기도 수원시 권선구 세류로 60,37.26534933,127.0103984,031-232-0800,,영업,2025-11-21
314,센트럴타운2단지(아),경로당,경로당,경기도 수원시 권선구 세류로 39,37.26344555,127.0061293,031-221-1063,,영업,2025-11-21
315,센트럴어반시티,경로당,경로당,경기도 수원시 권선구 세권로 1,37.26140457,127.0046716,031-237-7289,,영업,2025-11-21
316,삼거리,경로당,경로당,경기도 수원시 권선구 세지로5번길 56-10,37.25429863,127.0126886,031-236-9717,,영업,2025-11-21
317,새터,경로당,경로당,경기도 수원시 권선구 새터로29번길 19-1,37.25280344,127.0073072,031-232-7362,,영업,2025-11-21
318,신곡,경로당,경로당,경기도 수원시 권선구 경수대로191번길 14-4,37.244559,127.0166906,031-223-7832,,영업,2025-11-21
319,미영(아),경로당,경로당,경기도 수원시 권선구 정조로 432,37.24746931,127.014534,031-233-9468,,영업,2025-11-21
320,버드내,경로당,경로당,경기도 수원시 권선구 수원천로 24,37.2573512,127.0096086,031-235-4279,,영업,2025-11-21
321,세리,경로당,경로당,경기도 수원시 권선구 경수대로235번길 68-4,37.24951633,127.0143128,031-236-9864,,영업,2025-11-21
322,문화,경로당,경로당,경기도 수원시 권선구 세지로12번길 45,37.25265697,127.0173061,031-224-8878,,영업,2025-11-21
323,한주(아),경로당,경로당,경기도 수원시 권선구 정조로514번길 32,37.25490602,127.012718,031-233-1828,,영업,2025-11-21
324,현대,경로당,경로당,경기도 수원시 권선구 정조로485번길 13-1 (세류동),37.2522587,127.0106913,031-239-7559,,영업,2025-11-21
325,세정,경로당,경로당,경기도 수원시 권선구 정조로413번길 38,37.24757007,127.0127872,031-233-3558,,영업,2025-11-21
326,데시앙,경로당,경로당,경기도 수원시 권선구 세권로36번길 17,37.25843787,127.0083132,031-238-0146,,영업,2025-11-21
327,분회,경로당,경로당,경기도 수원시 권선구 정조로588번길 18-9,37.26067367,127.0144497,031-238-6970,,영업,2025-11-21
328,신성,경로당,경로당,경기도 수원시 권선구 세권로 89-10,37.25855017,127.0144981,031-221-1848,,영업,2025-11-21
329,현대(아),경로당,경로당,경기도 수원시 권선구 세지로 97,37.26054076,127.0178016,031-235-7432,,영업,2025-11-21
330,성원(아),경로당,경로당,경기도 수원시 권선구 정조로 618,37.26348106,127.0157307,031-237-2070,,영업,2025-11-21
331,삼익(아),경로당,경로당,경기도 수원시 권선구 세지로 99,37.26095392,127.0175577,031-223-1933,,영업,2025-11-21
332,유천,경로당,경로당,경기도 수원시 권선구 권선로544번길 20,37.2622277,127.0105386,031-225-3826,,영업,2025-11-21
333,세권,경로당,경로당,경기도 수원시 권선구 세지로42번길 31-10,37.2558356,127.0184213,031-239-3822,,영업,2025-11-21
334,녹턴(아),경로당,경로당,경기도 수원시 권선구 세지로 35,37.25509104,127.0154231,031-267-3655,,영업,2025-11-21
335,권선어울림(아),경로당,경로당,경기도 수원시 권선구 세권로43번길 26-6,37.25974839,127.0100342,031-225-7088,,영업,2025-11-21
336,행복,경로당,경로당,경기도 수원시 권선구 세권로94번길 36-17,37.25644355,127.0136357,031-233-1231,,영업,2025-11-21
337,평동,경로당,경로당,경기도 수원시 권선구 평동로68번길 38,37.2563309363,126.9943208348,031-294-3795,,영업,2025-11-21
338,고색2동   (작은마을),경로당,경로당,경기도 수원시 권선구 고색로78번길 5,37.25091644,126.9854559,031-291-5405,,영업,2025-11-21
339,고색1동  (고색큰말),경로당,경로당,경기도 수원시 권선구 고산로27번길 23,37.24862185,126.980511,031-291-8208,,영업,2025-11-21
340,오목천,경로당,경로당,경기도 수원시 권선구 삼천병마로1566번길 44,37.24232328,126.9654968,031-292-4351,,영업,2025-11-21
341,태산1차(아),경로당,경로당,경기도 수원시 권선구 매송고색로673번길 11,37.25049935,126.9774586,031-297-4214,,영업,2025-11-21
342,태산2차(아),경로당,경로당,경기도 수원시 권선구 매송고색로691번길 9,37.25144805,126.9799129,031-294-9059,,영업,2025-11-21
343,대한(아),경로당,경로당,경기도 수원시 권선구 서부로 1534,37.24646685,126.9786224,031-291-6055,,영업,2025-11-21
344,연합대원(아),경로당,경로당,경기도 수원시 권선구 고산로6번길 45,37.24839865,126.9847255,031-291-6838,,영업,2025-11-21
345,온정마을,경로당,경로당,경기도 수원시 권선구 온정로30번길 53,37.25131784,126.9651224,031-293-1375,,영업,2025-11-21
346,고색샛터,경로당,경로당,경기도 수원시 권선구 서둔로39번길 16,37.25557299,126.9830946,031-296-1345,,영업,2025-11-21
347,우림필유(아),경로당,경로당,경기도 수원시 권선구 고색로 8,37.24829373,126.9776671,031-227-4421,,영업,2025-11-21
348,태산3차(아),경로당,경로당,경기도 수원시 권선구 매송고색로533번길 7,37.24558024,126.9621044,031-295-1141,,영업,2025-11-21
349,상송마을주공 (아),경로당,경로당,경기도 수원시 권선구 오목천로 15,37.24042908,126.9639348,031-297-9823,,영업,2025-11-21
350,동남(아),경로당,경로당,경기도 수원시 권선구 권선로436번길 21,37.26221759,127.0000512,031-298-0338,,영업,2025-11-21
351,고색거산(아),경로당,경로당,경기도 수원시 권선구 고현로5번길 25,37.24786927,126.9860796,031-297-4744,,영업,2025-11-21
352,청구1차(아),경로당,경로당,경기도 수원시 권선구 오목천로39번길 8,37.24063524,126.9673533,031-227-3773,,영업,2025-11-21
353,청구2차(아),경로당,경로당,경기도 수원시 권선구 매송고색로506번길 17,37.24387727,126.9618517,031-890-3388,,영업,2025-11-21
354,대우푸르지오2단지,경로당,경로당,경기도 수원시 권선구 서수원로183번길 2,37.2435682,126.9685367,031-297-5284,,영업,2025-11-21
355,대우푸르지오1단지,경로당,경로당,경기도 수원시 권선구 서수원로 219,37.24657491,126.966953,031-278-8090,,영업,2025-11-21
356,상우(아),경로당,경로당,경기도 수원시 권선구 매송고색로 751-17,37.25347681,126.985929,031-227-2591,,영업,2025-11-21
357,가림리,경로당,경로당,경기도 수원시 권선구 매송고색로503번길 89,37.2465691,126.9564901,031-296-4560,,영업,2025-11-21
358,중보뜰,경로당,경로당,경기도 수원시 권선구 매송고색로804번길 67-27,37.25176507,126.9924868,031-291-8883,,영업,2025-11-21
359,영조(아),경로당,경로당,경기도 수원시 권선구 서수원로 161-11,37.24096931,126.9688658,031-298-5322,,영업,2025-11-21
360,남광하우스토리(아),경로당,경로당,경기도 수원시 권선구 삼천병마로1598번길 28-16,37.24528057,126.965398,031-291-0199,,영업,2025-11-21
361,서희스타힐스A,경로당,경로당,경기도 수원시 권선구 온정로9번길 36,37.24859182,126.9619028,,,영업,2025-11-21
362,꿈에그린(아),경로당,경로당,경기도 수원시 권선구 서수원로 99,37.23649593,126.9738967,031-291-7338,,영업,2025-11-21
363,서호,경로당,경로당,경기도 수원시 권선구 서호로 138,37.27169572,126.9860261,031-291-9179,,영업,2025-11-21
364,서호(여),경로당,경로당,경기도 수원시 권선구 서호로115번길 5,37.26970004,126.9863588,031-292-3598,,영업,2025-11-21
365,벌터,경로당,경로당,경기도 수원시 권선구 세화로141번길 30-8,37.26473379,126.9926144,031-294-0982,,영업,2025-11-21
366,성일(아),경로당,경로당,경기도 수원시 권선구 여기산로 42,37.28063333,126.978832,031-291-5033,,영업,2025-11-21
367,여기산,경로당,경로당,경기도 수원시 권선구 여기산로16번길 17,37.27893771,126.9795813,031-292-1026,,영업,2025-11-21
368,웃거리,경로당,경로당,경기도 수원시 권선구 서둔로269번길 12,37.27528195,126.9782603,031-297-0079,,영업,2025-11-21
369,센트라우스(아),경로당,경로당,경기도 수원시 권선구 세화로168번길 15,37.26708679,126.9948147,031-298-8141,,영업,2025-11-21
370,골말,경로당,경로당,경기도 수원시 권선구 상탑로21번길 35-9,37.27226662,126.9726325,031-292-9504,,영업,2025-11-21
371,북탑,경로당,경로당,경기도 수원시 권선구 서둔로199번길 10,37.26923592,126.9789953,031-291-3457,,영업,2025-11-21
372,청산,경로당,경로당,경기도 수원시 권선구 상탑로53번길 28-1,37.27291115,126.9769335,031-293-7642,,영업,2025-11-21
373,탑동삼성(아),경로당,경로당,경기도 수원시 권선구 탑동로58번길 8,37.27463191,126.974912,031-295-0050,,영업,2025-11-21
374,탑동우방(아),경로당,경로당,경기도 수원시 권선구 효탑로 50,37.26824476,126.973548,031-295-1377,,영업,2025-11-21
375,참누리파크,경로당,경로당,경기도 수원시 권선구 서둔로 270-6,37.27497732,126.9793449,031-291-1909,,영업,2025-11-21
376,희성연인(아),경로당,경로당,경기도 수원시 권선구 상탑로 121,37.27150015,126.9842567,031-277-9869,,영업,2025-11-21
377,진흥,경로당,경로당,경기도 수원시 권선구 여기산로16번길 17,37.27893771,126.9795813,031-299-3358,,영업,2025-11-21
378,하구운,경로당,경로당,경기도 수원시 권선구 구운로45번길 59-46,37.27633721,126.9728354,031-295-7926,,영업,2025-11-21
379,구운강남(아),경로당,경로당,경기도 수원시 권선구 수성로 18,37.28202132,126.9761303,031-292-9263,,영업,2025-11-21
380,삼환(아),경로당,경로당,경기도 수원시 권선구 수성로 47,37.28332815,126.9787626,031-294-4775,,영업,2025-11-21
381,선경(아),경로당,경로당,경기도 수원시 권선구 여기산로 19,37.27914277,126.9780152,031-293-1521,,영업,2025-11-21
382,상구운,경로당,경로당,경기도 수원시 권선구 수인로 324-11,37.28584442,126.9690896,031-295-0092,,영업,2025-11-21
383,LD코오롱(아),경로당,경로당,경기도 수원시 권선구 일월천로16번길 39,37.28521808,126.9750805,031-298-2900,,영업,2025-11-21
384,성원(아),경로당,경로당,경기도 수원시 권선구 일월천로4번길 74,37.28356373,126.9757376,031-295-1009,,영업,2025-11-21
385,구운청구(아),경로당,경로당,경기도 수원시 권선구 수성로35번길 60,37.28565768,126.976748,031-298-1119,,영업,2025-11-21
386,군들,경로당,경로당,경기도 수원시 권선구 구운로45번길 8-32,37.27755469,126.971299,031-278-0076,,영업,2025-11-21
387,서수원엠코타운,경로당,경로당,경기도 수원시 권선구 구운로47번길 59,37.27758773,126.9697329,031-298-7224,,영업,2025-11-21
388,상촌,경로당,경로당,경기도 수원시 권선구 금곡로 5-9,37.26829806,126.9381557,031-298-0062,,영업,2025-11-21
389,신미주(아),경로당,경로당,경기도 수원시 권선구 금호로15번길 15,37.27006264,126.9529947,031-294-3323,,영업,2025-11-21
390,거산(아),경로당,경로당,경기도 수원시 권선구 서수원로591번길 43,37.27791647,126.9527875,031-291-6385,,영업,2025-11-21
391,삼익1차(아),경로당,경로당,경기도 수원시 권선구 금호로 45,37.26982307,126.9563518,031-296-4337,,영업,2025-11-21
392,금곡강남(아),경로당,경로당,경기도 수원시 권선구 서수원로 607,37.27921412,126.9536247,031-292-1977,,영업,2025-11-21
393,삼익3차(아),경로당,경로당,경기도 수원시 권선구 서수원로 589,37.27735377,126.9548596,031-291-8197,,영업,2025-11-21
394,LG빌리지 1단지(아),경로당,경로당,경기도 수원시 권선구 금곡로31번길 7,37.27028879,126.9374039,031-297-5870,,영업,2025-11-21
395,LG빌리지 중앙,경로당,경로당,경기도 수원시 권선구 금곡로73번길 33,37.27429218,126.9366918,031-297-3083,,영업,2025-11-21
396,LG빌리지 3 ·4단지(아),경로당,경로당,경기도 수원시 권선구 금곡로73번길 71,37.27492749,126.9346695,031-297-5871,,영업,2025-11-21
397,일신건영(아),경로당,경로당,경기도 수원시 권선구 매곡로 68,37.27051615,126.9551341,031-293-0089,,영업,2025-11-21
398,수원호매실 휴먼시아 4단지,경로당,경로당,경기도 수원시 권선구 금곡로 137,37.27530097,126.9463092,031-278-5103,,영업,2025-11-21
399,호매실역서희스타힐스(아),경로당,경로당,경기도 수원시 권선구 금곡로 46,37.27139348,126.9391637,031-296-1196,,영업,2025-11-21
400,와이시티(아),경로당,경로당,경기도 수원시 권선구 금곡로 20,37.2691202,126.9394371,031-295-1230,,영업,2025-11-21
401,가온마을3단지 아파트,경로당,경로당,경기도 수원시 권선구 서수원로577번길 263,37.27621055,126.9431827,031-295-3456,,영업,2025-11-21
402,수원호매실 휴먼시아 8단지,경로당,경로당,경기도 수원시 권선구 금곡로140번길 29,37.27202406,126.9457173,031-291-8850,,영업,2025-11-21
403,호반베르디움더센트럴,경로당,경로당,경기도 수원시 권선구 매곡로 43,37.26972407,126.9517634,031-292-4974,,영업,2025-11-21
404,모아미래도(아),경로당,경로당,경기도 수원시 권선구 서수원로577번길 341,37.27629658,126.9370964,031-292-3664,,영업,2025-11-21
405,호반써밋 수원A,경로당,경로당,경기도 수원시 권선구 매곡로 67,37.27078788,126.9532096,,,영업,2025-11-21
406,LH수원당수2단지(아),경로당,경로당,경기도 수원시 권선구 당수1로 15,37.280539,126.943709768,,,영업,2025-11-21
407,노림,경로당,경로당,경기도 수원시 권선구 매실로 47-19,37.26858587,126.9560564,031-293-7233,,영업,2025-11-21
408,자목,경로당,경로당,경기도 수원시 권선구 칠보로88번길 90,37.26377942,126.9452684,031-227-6555,,영업,2025-11-21
409,두암,경로당,경로당,경기도 수원시 권선구 칠보로241번길 11-3,37.26961339,126.9588378,031-294-2242,,영업,2025-11-21
410,삼익2차(아),경로당,경로당,경기도 수원시 권선구 매실로 61,37.26876281,126.9578151,031-297-1472,,영업,2025-11-21
411,호매실GS(아),경로당,경로당,경기도 수원시 권선구 매실로 70,37.26832937,126.9584686,031-297-0780,,영업,2025-11-21
412,쌍용(아),경로당,경로당,경기도 수원시 권선구 매실로19번길 19,37.26799606,126.9526794,031-295-8508,,영업,2025-11-21
413,매실,경로당,경로당,경기도 수원시 권선구 칠보로129번길 12,37.26662084,126.9532395,031-294-4573,,영업,2025-11-21
414,수원호매실 휴먼시아 7단지,경로당,경로당,경기도 수원시 권선구 금곡로102번길 126,37.2696826,126.9426206,031-227-0750,,영업,2025-11-21
415,수원호매실 휴먼시아 16단지,경로당,경로당,경기도 수원시 권선구 호매실로165번길 30,37.25952806,126.9549755,031-293-7001,,영업,2025-11-21
416,수원호매실 휴먼시아 15단지,경로당,경로당,경기도 수원시 권선구 호매실로165번길 70,37.26014366,126.9520027,031-278-6818,,영업,2025-11-21
417,능실마을19단지아파트,경로당,경로당,경기도 수원시 권선구 호매실로166번길 63,37.26089053,126.9619121,031-291-0522,,영업,2025-11-21
418,호매실마을13단지 아파트,경로당,경로당,경기도 수원시 권선구 호매실로218번길 111,37.26552551,126.9582106,031-227-9007,,영업,2025-11-21
419,호매실 엔루체(아),경로당,경로당,경기도 수원시 권선구 호매실로166번길 70,37.25790977,126.9607499,031-291-0935,,영업,2025-11-21
420,능실마을22단지(아),경로당,경로당,경기도 수원시 권선구 호매실로166번길 10,37.2584856,126.9580288,031-292-3452,,영업,2025-11-21
421,칠보마을9단지(아),경로당,경로당,경기도 수원시 권선구 금곡로140번길 73,37.27063433,126.9457823,031-292-9996,,영업,2025-11-21
422,한양수자인파크원(아),경로당,경로당,경기도 수원시 권선구 칠보로 102,37.26579489,126.9504304,,,영업,2025-11-21
423,능실마을21단지(아),경로당,경로당,경기도 수원시 권선구 호매실로 103,37.25495746,126.9614482,,,영업,2025-11-21
424,호매실벨섬시티14단지(아),경로당,경로당,경기도 수원시 권선구 호매실로218번길 22,37.26320212,126.9580836,031-292-3471,,영업,2025-11-21
425,힐스테이트호매실(아),경로당,경로당,경기도 수원시 권선구 호매실로 166번길 33,37.25946354,126.9578915,,,영업,2025-11-21
426,88경로당,경로당,경로당,경기도 수원시 권선구 권선로699번길 24-7,37.26021334,127.0287272,031-233-8988,,영업,2025-11-21
427,제일,경로당,경로당,경기도 수원시 권선구 장다리로 97,37.25903283,127.0212921,031-224-3885,,영업,2025-11-21
428,장수,경로당,경로당,경기도 수원시 권선구 권중로7번길 18,37.25632142,127.0339848,031-224-3793,,영업,2025-11-21
429,풍림신안(아),경로당,경로당,경기도 수원시 권선구 권중로 31,37.25425547,127.0328403,031-225-0484,,영업,2025-11-21
430,권선현대(아),경로당,경로당,경기도 수원시 권선구 매탄로 11,37.25343514,127.0377487,031-224-1719,,영업,2025-11-21
431,삼천리2차(아),경로당,경로당,경기도 수원시 권선구 매탄로 25,37.25393429,127.0383943,031-239-5767,,영업,2025-11-21
432,중앙,경로당,경로당,경기도 수원시 권선구 세지로112번길 25-18,37.26207315,127.0211389,031-225-4221,,영업,2025-11-21
433,SK-View,경로당,경로당,경기도 수원시 권선구 권선로694번길 25,37.25793158,127.0270041,031-223-6265,,영업,2025-11-21
434,권선,경로당,경로당,경기도 수원시 권선구 권선로668번길 35-9,37.25814927,127.0240969,031-221-8445,,영업,2025-11-21
435,두산동아(아),경로당,경로당,경기도 수원시 권선구 덕영대로1217번길 24,37.24952802,127.0248129,031-236-9176,,영업,2025-11-21
436,화성대(아),경로당,경로당,경기도 수원시 권선구 경수대로168번길 79,37.24099846,127.0220958,031-232-4449,,영업,2025-11-21
437,삼성(아),경로당,경로당,경기도 수원시 권선구 경수대로302번길 29,37.25347243,127.0230507,031-232-9942,,영업,2025-11-21
438,벽산한성(아),경로당,경로당,경기도 수원시 권선구 권중로 99,37.2502654,127.0293124,031-233-5350,,영업,2025-11-21
439,유원보성(아),경로당,경로당,경기도 수원시 권선구 권중로 110,37.24936678,127.027081,031-223-6515,,영업,2025-11-21
440,성지(아),경로당,경로당,경기도 수원시 권선구 경수대로302번길 32,37.25271498,127.0222966,031-222-1673,,영업,2025-11-21
441,신우(아),경로당,경로당,경기도 수원시 권선구 권중로 82,37.25155568,127.0290273,031-225-1676,,영업,2025-11-21
442,신동아대원(아),경로당,경로당,경기도 수원시 권선구 권중로 136,37.2489819,127.0319455,031-236-2013,,영업,2025-11-21
443,신현대(아),경로당,경로당,경기도 수원시 권선구 권광로27번길 22,37.25088405,127.0266971,031-234-1028,,영업,2025-11-21
444,한효(아),경로당,경로당,경기도 수원시 권선구 세권로196번길 22,37.25417778,127.0247744,,,영업,2025-11-21
445,한양(아),경로당,경로당,경기도 수원시 권선구 경수대로302번길 22,37.25312179,127.021354,031-221-2309,,영업,2025-11-21
446,삼천리1차(아),경로당,경로당,경기도 수원시 권선구 권광로27번길 62,37.25138774,127.0245752,031-221-8017,,영업,2025-11-21
447,벽산(아),경로당,경로당,경기도 수원시 권선구 권중로 158,37.25066853,127.0330675,031-236-5359,,영업,2025-11-21
448,권선자이 e편안세상,경로당,경로당,경기도 수원시 권선구 권광로 55,37.25497896,127.0257724,031-898-6236,,영업,2025-11-21
449,신명아파트,경로당,경로당,경기도 수원시 권선구 경수대로302번길 7,37.25427246,127.0216458,031-225-6317,,영업,2025-11-21
450,아이파크시티 1단지,경로당,경로당,경기도 수원시 권선구 동수원로145번길 74,37.24516839,127.0261685,031-296-6635,,영업,2025-11-21
451,아이파크시티 3단지,경로당,경로당,경기도 수원시 권선구 동수원로145번길 73,37.24155652,127.0254506,031-223-7090,,영업,2025-11-21
452,아이파크시티 2단지,경로당,경로당,경기도 수원시 권선구 동수원로145번길 23,37.2432788,127.0285433,031-221-9953,,영업,2025-11-21
453,아이파크시티 4단지,경로당,경로당,경기도 수원시 권선구 동수원로145번길 23,37.2432788,127.0285433,031-221-1051,,영업,2025-11-21
454,아이파크시티 5 ·6단지,경로당,경로당,경기도 수원시 권선구 곡선로 20,37.23920692,127.0272375,031-898-9237,,영업,2025-11-21
455,아이파크시티7단지,경로당,경로당,경기도 수원시 권선구 덕영대로1190번길 100,37.24469781,127.0194358,031-224-2939,,영업,2025-11-21
456,아이파크시티8단지,경로당,경로당,경기도 수원시 권선구 동수원로 177번길 40,37.246683,127.0301424,,,영업,2025-11-21
457,권선3지구현대 (아),경로당,경로당,경기도 수원시 권선구 세권로316번길 49,37.24936098,127.0374412,031-232-3020,,영업,2025-11-21
458,안용,경로당,경로당,경기도 수원시 권선구 동수원로146번길 16-10,37.24340084,127.0322639,031-231-9521,,영업,2025-11-21
459,곡반정,경로당,경로당,경기도 수원시 권선구 곡반정로19번길 47,37.23404567,127.0250693,031-237-0890,,영업,2025-11-21
460,권선삼성(아),경로당,경로당,경기도 수원시 권선구 곡선로50번길 73,37.23528389,127.0282254,031-308-3996,,영업,2025-11-21
461,일신우남(아),경로당,경로당,경기도 수원시 권선구 덕영대로1323번길 26-7,37.24744578,127.0366836,031-234-3402,,영업,2025-11-21
462,곡반정아이파크,경로당,경로당,경기도 수원시 권선구 곡선로50번길 48,37.23714843,127.028588,031-309-8825,,영업,2025-11-21
463,한솔(아),경로당,경로당,경기도 수원시 권선구 동수원로58번길 21,37.23579054,127.0267427,031-226-0585,,영업,2025-11-21
464,대우(아),경로당,경로당,경기도 수원시 권선구 동탄원천로813번길 16,37.24853085,127.0388384,031-224-3766,,영업,2025-11-21
465,권선3지구 상록 5단지(아),경로당,경로당,경기도 수원시 권선구 세권로304번길 47,37.2498925,127.0363279,031-225-8740,,영업,2025-11-21
466,권선3지구 주공1단지(아),경로당,경로당,경기도 수원시 권선구 덕영대로1323번길 25-8,37.24779254,127.0350826,031-236-2991,,영업,2025-11-21
467,대림(아),경로당,경로당,경기도 수원시 권선구 덕영대로1323번길 26-31,37.24716651,127.0379504,031-233-3352,,영업,2025-11-21
468,권선3지구 상록3단지(아),경로당,경로당,경기도 수원시 권선구 세권로316번길 15,37.25065029,127.0379953,031-304-5384,,영업,2025-11-21
469,권선3지구 주공3단지(아),경로당,경로당,경기도 수원시 권선구 세권로 334,37.25055638,127.0402423,031-302-9083,,영업,2025-11-21
470,써미트빌(아),경로당,경로당,경기도 수원시 권선구 덕영대로1323번길 26-24,37.24657759,127.0371014,031-235-1369,,영업,2025-11-21
471,권선우남1차(아),경로당,경로당,경기도 수원시 권선구 덕영대로1323번길 25-33,37.2476202,127.0340391,031-238-3402,,영업,2025-11-21
472,수원하늘채더퍼스트1단지(아),경로당,경로당,경기도 수원시 권선구 망포로 13,37.2431221,127.0357257,,,영업,2025-11-21
473,수원하늘채더퍼스트2단지(아),경로당,경로당,경기도 수원시 권선구 망포로 14,37.23979437,127.0350404,,,영업,2025-11-21
474,입북,경로당,경로당,경기도 수원시 권선구 입북로 35-4,37.29500296,126.9590822,031-292-7098,,영업,2025-11-21
475,벌터,경로당,경로당,경기도 수원시 권선구 서수원로594번길 174,37.28266118,126.9604346,031-293-6701,,영업,2025-11-21
476,웅비(아),경로당,경로당,경기도 수원시 권선구 입북로 65,37.29727414,126.9581294,031-293-1604,,영업,2025-11-21
477,당수,경로당,경로당,경기도 수원시 권선구 당진로 21-3,37.29099244,126.9402177,031-419-9652,,영업,2025-11-21
478,삼정1단지(아),경로당,경로당,경기도 수원시 권선구 당진로14번길 37,37.290514,126.9427948,031-416-7357,,영업,2025-11-21
479,삼정2단지(아),경로당,경로당,경기도 수원시 권선구 당진로14번길 46,37.28951109,126.9440043,031-416-7377,,영업,2025-11-21
480,인정프린스(아),경로당,경로당,경기도 수원시 권선구 당진로15번길 53,37.29198665,126.9382951,031-419-1532,,영업,2025-11-21
481,한라비발디 1단지(아),경로당,경로당,경기도 수원시 권선구 당진로15번길 19-10,37.29089022,126.9389086,031-503-0259,,영업,2025-11-21
482,한라비발디 2단지(아),경로당,경로당,경기도 수원시 권선구 당진로31번길 16,37.29214781,126.9401594,031-503-3015,,영업,2025-11-21
483,LH수원당수1단지(아),경로당,경로당,경기도 수원시 권선구 당수로 130번길 13,37.28450744,126.945866,,,영업,2025-11-21
484,서수원자이(아),경로당,경로당,경기도 수원시 권선구 입북로 50,37.29606585,126.9596717,031-278-3266,,영업,2025-11-21
485,서수원 쌍용스윗닷홈,경로당,경로당,경기도 수원시 권선구 당진로31번길 51-20,37.29215716,126.9370073,031-437-0237,,영업,2025-11-21
486,입북동푸르지오2단지(아),경로당,경로당,경기도 수원시 권선구 입북로77번길 61,37.29928707,126.9522119,031-298-5400,,영업,2025-11-21
487,입북동푸르지오1단지(아),경로당,경로당,경기도 수원시 권선구 입북로77번길 62,37.29991696,126.9541915,031-292-5666,,영업,2025-11-21
488,팔창,경로당,경로당,경기도 수원시 팔달구 행궁로 63 (팔달로3가),37.27698676,127.0158185,031-245-7274,,영업,2025-11-21
489,영동시장,경로당,경로당,경기도 수원시 팔달구 수원천로255번길 6 (영동),37.27681569,127.0186603,031-243-0074,,영업,2025-11-21
490,남향동,경로당,경로당,경기도 수원시 팔달구 창룡대로 43 (매향동),37.28290907,127.0207764,031-255-9453,,영업,2025-11-21
491,신풍동,경로당,경로당,경기도 수원시 팔달구 화서문로16번길 70 (신풍동),37.28316546,127.0100181,031-241-3989,,영업,2025-11-21
492,북수동,경로당,경로당,경기도 수원시 팔달구 화서문로75번길 5 (북수동),37.28626965,127.016322,031-258-0043,,영업,2025-11-21
493,장안,경로당,경로당,경기도 수원시 팔달구 화서문로31번길 13 (장안동),37.28551872,127.0108916,031-244-5569,,영업,2025-11-21
494,신안동,경로당,경로당,경기도 수원시 팔달구 신풍로 38-8 (신풍동),37.2842461,127.0149416,031-244-7922,,영업,2025-11-21
495,한데우물,경로당,경로당,경기도 수원시 팔달구 행궁로26번길 21 (남창동),37.27956731,127.0138809,070-8111-7393,,영업,2025-11-21
496,중동,경로당,경로당,경기도 수원시 팔달구 정조로742번길 20 (구천동),37.27414143,127.0178502,031-256-2269,,영업,2025-11-21
497,남수연화,경로당,경로당,경기도 수원시 팔달구 창룡대로30번길 9 (남수동),37.28148365,127.0201055,031-207-8966,,영업,2025-11-21
498,교동,경로당,경로당,경기도 수원시 팔달구 향교로 136-3 (교동),37.27291605,127.0150137,031-239-7754,,영업,2025-11-21
499,매교,경로당,경로당,경기도 수원시 팔달구 매산로126번길 46-14 (매교동),37.26989124,127.0144555,031-234-5803,,영업,2025-11-21
500,문화맨션,경로당,경로당,"경기도 수원시 팔달구 정조로 659 (매교동, 문화맨션아파트)",37.26767771,127.0160956,031-232-4313,,영업,2025-11-21
501,연향예스빌(아),경로당,경로당,"경기도 수원시 팔달구 정조로 687 (매교동, 연향예스빌아파트)",37.26990079,127.0171388,031-238-0170,,영업,2025-11-21
502,건영캐스빌(아),경로당,경로당,"경기도 수원시 팔달구 매산로130번길 15 (매교동, 건영캐스빌아파트)",37.27133359,127.015469,031-234-9431,,영업,2025-11-21
503,매교역 푸르지오SKVIEW(아) 제1,경로당,경로당,경기도 수원시 팔달구 인계로 20,37.26773652,127.0204311,031-238-3601,,영업,2025-11-21
504,매교역 푸르지오SKVIEW(아) 제2,경로당,경로당,경기도 수원시 팔달구 인계로 20,37.26773652,127.0204311,031-238-3601,,영업,2025-11-21
505,힐스테이트푸르지오 수원(아) 제1경로당,경로당,경로당,경기도 수원시 팔달구 효원로 93번길 33,37.26833327,127.0117486,031-233-2586,,영업,2025-11-21
506,힐스테이트푸르지오 수원(아) 제2경로당,경로당,경로당,경기도 수원시 팔달구 효원로 93번길 34,37.26833327,127.0117486,031-233-2586,,영업,2025-11-21
507,매산,경로당,경로당,경기도 수원시 팔달구 매산로 61-5 (매산로3가),37.2693964,127.0075586,031-256-5985,,영업,2025-11-21
508,역전시장,경로당,경로당,경기도 수원시 팔달구 매산로 2-10 (매산로1가),37.26630163,127.0023389,031-256-2145,,영업,2025-11-21
509,매산3가,경로당,경로당,경기도 수원시 팔달구 갓매산로1번길 17 (매산로3가),37.26555833,127.0073225,031-239-9964,,영업,2025-11-21
510,대한대우(아),경로당,경로당,"경기도 수원시 팔달구 권선로 477 (매산로2가, 대한대우아파트)",37.26457142,127.0033544,031-226-9578,,영업,2025-11-21
511,효원,경로당,경로당,경기도 수원시 팔달구 세류로83번길 36-11 (매산로 3가),37.26760747,127.008867,070-7721-0012,,영업,2025-11-21
512,고등분회,경로당,경로당,경기도 수원시 팔달구 고등로71번길 24-3 (고등동),37.27465494,127.0048002,031-247-3370,,영업,2025-11-21
513,고등촌,경로당,경로당,경기도 수원시 팔달구 고등로72번길 20-8 (고등동),37.27247054,127.0045974,031-255-5790,,영업,2025-11-21
514,수원고등LH2단지,경로당,경로당,경기도 수원시 팔달구 고등로 8(고등동),37.27243148,126.9981514,031-256-2201,,영업,2025-11-21
515,수원역 푸르지오자이 제1,경로당,경로당,"경기도 수원시 팔달구 고등로 15, 107동(고등동)",37.27498308,126.9988894,031-242-4086,,영업,2025-11-21
516,수원역 푸르지오자이 제2,경로당,경로당,"경기도 수원시 팔달구 고등로 15, 119동(고등동)",37.27498308,126.9988894,031-242-4086,,영업,2025-11-21
517,수원역 푸르지오자이 제3,경로당,경로당,"경기도 수원시 팔달구 고등로 15, 135동(고등동)",37.27498308,126.9988894,031-242-4086,,영업,2025-11-21
518,화서1동,경로당,경로당,경기도 수원시 팔달구 팔달로119번길 64 (화서동),37.27948937,127.0000746,031-255-7749,,영업,2025-11-21
519,벽산(아),경로당,경로당,"경기도 수원시 팔달구 팔달로165번길 39 (화서동, 벽산아파트)",37.28341893,127.0037575,031-257-9559,,영업,2025-11-21
520,영광(아),경로당,경로당,"경기도 수원시 팔달구 덕영대로757번길 10 (화서동, 영광아파트)",37.27908671,126.9936223,031-257-4680,,영업,2025-11-21
521,서문,경로당,경로당,경기도 수원시 팔달구 팔달로173번길 14-13 (화서동),37.28426617,127.0060807,031-243-1988,,영업,2025-11-21
522,화서맨션,경로당,경로당,"경기도 수원시 팔달구 화양로 40 (화서동, 화서맨션)",37.28205568,126.9969739,031-255-1356,,영업,2025-11-21
523,벽산블루밍푸른숲(아),경로당,경로당,"경기도 수원시 팔달구 화양로50번길 30 (화서동, 화서블루밍푸른숲아파트)",37.28186838,127.0010742,031-256-1744,,영업,2025-11-21
524,동말,경로당,경로당,경기도 수원시 팔달구 동말로 24-6 (화서동),37.27749767,126.9969382,031-207-6030,,영업,2025-11-21
525,서화,경로당,경로당,경기도 수원시 팔달구 팔달로153번길 4(화서동),37.28218353,127.0054754,031-248-0316,,영업,2025-11-21
526,신동아(아),경로당,경로당,"경기도 수원시 팔달구 화산로 24 (화서동, 꽃뫼버들마을신동아아파트)",37.28735315,126.9865626,031-298-8447,,영업,2025-11-21
527,화서3단지(아),경로당,경로당,"경기도 수원시 팔달구 덕영대로697번길 47 (화서동, 화서3단지주공아파트)",37.28590151,126.9931075,031-256-5421,,영업,2025-11-21
528,화서4단지(아),경로당,경로당,"경기도 수원시 팔달구 덕영대로697번길 48 (화서동, 화서4단지주공아파트)",37.28454429,126.9919725,031-244-6685,,영업,2025-11-21
529,화서5단지(아),경로당,경로당,"경기도 수원시 팔달구 덕영대로697번길 48 (화서동, 화서5단지주공아파트)",37.28454429,126.9919725,031-246-8960,,영업,2025-11-21
530,한진현대(아),경로당,경로당,"경기도 수원시 팔달구 덕영대로735번길 18 (화서동, 화서한진현대아파트)",37.28135952,126.9925868,031-254-5877,,영업,2025-11-21
531,꽃뫼노을마을풍림(아),경로당,경로당,"경기도 수원시 팔달구 수성로157번길 75 (화서동, 풍림아파트)",37.28937296,126.9877365,031-247-7760,,영업,2025-11-21
532,꽃뫼버들마을LG(아),경로당,경로당,"경기도 수원시 팔달구 정자천로32번길 20 (화서동, 엘지아파트)",37.28814171,126.9799879,031-298-3098,,영업,2025-11-21
533,꽃뫼,경로당,경로당,경기도 수원시 팔달구 수성로 157번길 27-18,37.2876746,126.989026,031-269-0098,,영업,2025-11-21
534,꽃뫼양지마을대우(아),경로당,경로당,"경기도 수원시 팔달구 수성로101번길 20 (화서동, 대우아파트)",37.28482111,126.9848459,031-307-2021,,영업,2025-11-21
535,꽃뫼버들마을진흥(아),경로당,경로당,"경기도 수원시 팔달구 화산로 57 (화서동, 꽃뫼버들마을진흥아파트)",37.29004452,126.983488,031-298-2210,,영업,2025-11-21
536,꽃뫼버들마을코오롱(아),경로당,경로당,"경기도 수원시 팔달구 일월로18번길 4-26 (화서동, 꽃뫼버들마을코오롱아파트)",37.28477479,126.9815658,031-298-0434,,영업,2025-11-21
537,꽃뫼버들마을금강(아),경로당,경로당,"경기도 수원시 팔달구 정자천로32번길 27 (화서동, 꽃뫼버들마을금강아파트)",37.28846452,126.9826268,031-298-9409,,영업,2025-11-21
538,꽃뫼양지마을현대(아),경로당,경로당,"경기도 수원시 팔달구 화산로17번길 6 (화서동, 현대아파트)",37.28737744,126.9855012,031-890-6117,,영업,2025-11-21
539,화서성원(아),경로당,경로당,"경기도 수원시 팔달구 장안로5번길 45 (화서동, 성원상떼빌아파트)",37.28560598,127.0049231,031-243-7880,,영업,2025-11-21
540,화서위브하늘채(아),경로당,경로당,"경기도 수원시 팔달구 수성로244번길 25 (화서동, 화서위브하늘채)",37.2878894,126.9999531,031-251-0995,,영업,2025-11-21
541,꽃뫼양지,경로당,경로당,"경기도 수원시 팔달구 화산로6번길 40-4, 지상1층 (화서동)",37.28622737,126.9871534,031-295-7933,,영업,2025-11-21
542,화서한신휴플러스(아),경로당,경로당,"경기도 수원시 팔달구 수성로258번길 52 (화서동, 화서한신휴플러스아파트)",37.28701177,127.0021694,031-246-8517,,영업,2025-11-21
543,못골,경로당,경로당,경기도 수원시 팔달구 팔달문로115번길 43 (지동),37.28347936,127.0276956,031-245-4034,,영업,2025-11-21
544,신복,경로당,경로당,경기도 수원시 팔달구 중부대로125번길 23-11 (지동),37.27962936,127.0290046,031-244-4390,,영업,2025-11-21
545,지동,경로당,경로당,경기도 수원시 팔달구 세지로306번길 29-5 (지동),37.27823712,127.0256776,031-245-0849,,영업,2025-11-21
546,미나리광,경로당,경로당,"경기도 수원시 팔달구 팔달문로57번길 26, 2층",37.28042401,127.0231665,031-246-2773,,영업,2025-11-21
547,동문,경로당,경로당,경기도 수원시 팔달구 창룡문로100번길 10 (지동),37.28575131,127.0257711,031-244-9800,,영업,2025-11-21
548,진우(아),경로당,경로당,"경기도 수원시 팔달구 팔달문로 84 (지동, 진우아파트)",37.2802572,127.025896,031-257-7613,,영업,2025-11-21
549,신흥,경로당,경로당,경기도 수원시 팔달구 중부대로 49 (지동),37.27557793,127.0222818,031-207-5455,,영업,2025-11-21
550,우만풍림(아),경로당,경로당,"경기도 수원시 팔달구 세지로 439-13 (우만동, 풍림아파트)",37.28732735,127.0319478,031-257-2970,,영업,2025-11-21
551,충효,경로당,경로당,경기도 수원시 팔달구 세지로399번길 46 (우만동),37.28716763,127.0278692,031-253-0971,,영업,2025-11-21
552,중부,경로당,경로당,경기도 수원시 팔달구 경수대로616번길 32 (우만동),37.28091576,127.0321862,031-217-7510,,영업,2025-11-21
553,우만주공3단지(복지)(아),경로당,경로당,"경기도 수원시 팔달구 창룡대로210번길 13 (우만동, 주공3단지아파트)",37.29260018,127.034043,031-253-7048,,영업,2025-11-21
554,우만주공4단지(대한)(아),경로당,경로당,"경기도 수원시 팔달구 창룡대로 194 (우만동, 주공4단지아파트)",37.29177733,127.0297804,031-247-3518,,영업,2025-11-21
555,수곡,경로당,경로당,경기도 수원시 팔달구 세지로 436 (우만동),37.28706781,127.0320999,031-245-5159,,영업,2025-11-21
556,봉화,경로당,경로당,경기도 수원시 팔달구 경수대로718번길 39 (우만동),37.29079476,127.0266832,031-241-8532,,영업,2025-11-21
557,산수,경로당,경로당,경기도 수원시 팔달구 팔달문로150번길 7-1 (우만동),37.28262348,127.0329136,031-246-8688,,영업,2025-11-21
558,우만,경로당,경로당,경기도 수원시 팔달구 월드컵로365번길 20 (우만동),37.28934595,127.02983,070-8116-0060,,영업,2025-11-21
559,장고개,경로당,경로당,경기도 수원시 팔달구 권광로348번길 21-13 (우만동),37.27817567,127.0394214,031-214-0888,,영업,2025-11-21
560,우만현대(아),경로당,경로당,"경기도 수원시 팔달구 권광로364번길 7-2 (우만동, 현대아파트)",37.28034196,127.038016,031-211-1564,,영업,2025-11-21
561,우만주공1단지(아),경로당,경로당,"경기도 수원시 팔달구 중부대로223번길 102 (우만동, 주공1단지아파트)",37.28225846,127.0388825,031-215-2731,,영업,2025-11-21
562,우만주공2단지(아),경로당,경로당,"경기도 수원시 팔달구 중부대로223번길 54-13 (우만동, 우만주공2단지아파트)",37.27747936,127.0417539,031-216-6866,,영업,2025-11-21
563,우만선경(아),경로당,경로당,"경기도 수원시 팔달구 중부대로 215 (우만동, 선경아파트)",37.27654707,127.0398669,031-211-7330,,영업,2025-11-21
564,신성미소지움(아),경로당,경로당,"경기도 수원시 팔달구 중부대로 193 (우만동, 신성미소지움아파트)",37.27761862,127.0369927,031-215-5514,,영업,2025-11-21
565,월드메르디앙(아),경로당,경로당,"경기도 수원시 팔달구 권광로 373 (우만동, 월드메르디앙)",37.28031238,127.0363795,031-308-0559,,영업,2025-11-21
566,우만삼성아파트,경로당,경로당,경기도 수원시 팔달구 아주로 17 (우만동),37.27639441,127.0432613,031-215-5529,,영업,2025-11-21
567,인계동 인계,경로당,경로당,경기도 수원시 팔달구 장다리로245번길 18-5 (인계동),37.27232246,127.0258781,031-233-5575,,영업,2025-11-21
568,장다리,경로당,경로당,경기도 수원시 팔달구 세지로198번길 26-14 (인계동),37.2679058,127.0238754,031-222-5360,,영업,2025-11-21
569,인계동본동,경로당,경로당,경기도 수원시 팔달구 장다리로233번길 28-27 (인계동),37.27177644,127.0245835,031-225-0782,,영업,2025-11-21
570,인계선경1차(아),경로당,경로당,"경기도 수원시 팔달구 권광로317번길 12 (인계동, 선경1차아파트)",37.27626182,127.0370378,031-214-0185,,영업,2025-11-21
571,인계새마을,경로당,경로당,경기도 수원시 팔달구 세지로174번길 7-9 (인계동),37.2672748,127.0224918,031-235-6741,,영업,2025-11-21
572,인계선경3차(아),경로당,경로당,"경기도 수원시 팔달구 권광로317번길 15 (인계동, 선경3단지아파트)",37.27558255,127.0357776,031-216-0865,,영업,2025-11-21
573,인계삼성(아),경로당,경로당,"경기도 수원시 팔달구 권광로276번길 9 (인계동, 삼성아파트)",37.27246652,127.0365299,031-213-4361,,영업,2025-11-21
574,인계수정(아),경로당,경로당,"경기도 수원시 팔달구 장다리로306번길 45 (인계동, 수정아파트)",37.27305371,127.0305657,031-211-5809,,영업,2025-11-21
575,샛골,경로당,경로당,경기도 수원시 팔달구 경수대로565번길 59-24 (인계동),37.27513963,127.0271847,031-233-6841,,영업,2025-11-21
576,인계래미안노블클래스(아),경로당,경로당,"경기도 수원시 팔달구 권광로 246 (인계동, 인계래미안노블클래스아파트)",37.26938686,127.0353323,031-211-9305,,영업,2025-11-21
577,인계파밀리에(아),경로당,경로당,"경기도 수원시 팔달구 세지로 211 (인계동, 인계파밀리에)",37.27044254,127.023209,031-224-1121,,영업,2025-11-21
578,새희망,경로당,경로당,"경기도 수원시 팔달구 효원로193번길 5, 2층 (인계동)",37.26432206,127.0231156,031-222-1867,,영업,2025-11-21
579,인계꿈에그린경로당,경로당,경로당,경기도 수원시 팔달구 효원로308번길 16,37.25983674,127.0346255,031-225-9646,,영업,2025-11-21
580,수원센트럴아이파크자이(아)제1,경로당,경로당,경기도 수원시 팔달구 인계로 21,37.2715957138,127.0226371429,031-267-1117,,영업,2025-11-21
581,가마니골,경로당,경로당,경기도 수원시 영통구 권광로304번길 32 (매탄동),37.27412383,127.0387261,031-216-0117,,영업,2025-11-21
582,우성아파트,경로당,경로당,"경기도 수원시 영통구 권광로290번길 34-18 (매탄동, 우성아파트)",37.27328508,127.0380732,031-213-9070,,영업,2025-11-21
583,주막거리,경로당,경로당,경기도 수원시 영통구 매여울로68번길 23 (매탄동),37.27301224,127.0450271,031-216-7266,,영업,2025-11-21
584,현대힐스테이트,경로당,경로당,"경기도 수원시 영통구 권광로260번길 36 (매탄동, 현대힐스테이트)",37.27214388,127.0419109,031-217-9506,,영업,2025-11-21
585,극동(아),경로당,경로당,"경기도 수원시 영통구 매봉로27번길 11 (매탄동, 극동아파트)",37.26939399,127.0517095,031-213-3475,,영업,2025-11-21
586,금성(아),경로당,경로당,"경기도 수원시 영통구 동탄원천로 1089 (매탄동, 금성아파트)",37.2678376,127.0551688,031-212-9533,,영업,2025-11-21
587,동남연립,경로당,경로당,"경기도 수원시 영통구 매영로 9 (매탄동, 동남연립)",37.2717924,127.0445949,031-214-5671,,영업,2025-11-21
588,매탄2동,경로당,경로당,경기도 수원시 영통구 매여울로10번길 14-20 (매탄동),37.27168328,127.0473863,031-213-9496,,영업,2025-11-21
589,산남,경로당,경로당,경기도 수원시 영통구 매봉로35번길 43 (매탄동),37.27170536,127.0504227,031-212-5681,,영업,2025-11-21
590,원천성일1차,경로당,경로당,"경기도 수원시 영통구 동탄원천로1109번길 42 (매탄동, 원천성일1차아파트)",37.27026384,127.0561102,031-216-4090,,영업,2025-11-21
591,한국1차,경로당,경로당,"경기도 수원시 영통구 동탄원천로1109번길 37 (매탄동, 한국1차아파트)",37.26957081,127.0569519,031-217-3324,,영업,2025-11-21
592,e-편한세상,경로당,경로당,"경기도 수원시 영통구 매봉로 20 (매탄동, e-편한세상)",37.26938452,127.0527703,031-214-5432,,영업,2025-11-21
593,말통골,경로당,경로당,경기도 수원시 영통구 신원로 209-2 (매탄동),37.25461334,127.0600176,031-213-6799,,영업,2025-11-21
594,매탄주공그린빌 6단지,경로당,경로당,"경기도 수원시 영통구 동탄원천로881번길 19 (매탄동, 주공그린빌6단지)",37.25372527,127.0422934,031-217-7758,,영업,2025-11-21
595,새터,경로당,경로당,경기도 수원시 영통구 동수원로286번길 33-3 (매탄동),37.25488673,127.0379939,031-237-9057,,영업,2025-11-21
596,우남퍼스트빌,경로당,경로당,"경기도 수원시 영통구 매탄로 82 (매탄동, 우남퍼스트빌)",37.25833791,127.0430012,031-308-2096,,영업,2025-11-21
597,임광(아),경로당,경로당,"경기도 수원시 영통구 동수원로 316 (매탄동, 임광아파트)",37.2584379,127.0383357,031-239-1077,,영업,2025-11-21
598,주공그린빌 1단지,경로당,경로당,"경기도 수원시 영통구 매탄로126번길 22 (매탄동, 주공그린빌1단지)",37.26143029,127.0451613,031-306-0179,,영업,2025-11-21
599,주공그린빌 3단지,경로당,경로당,"경기도 수원시 영통구 동탄원천로915번길 36 (매탄동, 주공그린빌3단지)",37.25697937,127.0438285,031-890-4131,,영업,2025-11-21
600,주공그린빌 5단지,경로당,경로당,"경기도 수원시 영통구 동탄원천로881번길 35 (매탄동, 주공그린빌5단지)",37.25500972,127.0415066,031-302-3337,,영업,2025-11-21
601,주공그린빌2단지,경로당,경로당,"경기도 수원시 영통구 매탄로126번길 66 (매탄동, 주공그린빌2단지)",37.26086491,127.0478536,031-211-0460,,영업,2025-11-21
602,주공그린빌4단지,경로당,경로당,"경기도 수원시 영통구 동탄원천로915번길 33 (매탄동, 주공그린빌4단지)",37.25604619,127.0439958,031-217-3666,,영업,2025-11-21
603,하늘채,경로당,경로당,"경기도 수원시 영통구 효원로 363 (매탄동, 위브하늘채아파트)",37.26153322,127.0395242,031-213-8873,,영업,2025-11-21
604,위브,경로당,경로당,"경기도 수원시 영통구 효원로 363 (매탄동, 위브하늘채아파트)",37.26153322,127.0395242,031-212-8873,,영업,2025-11-21
605,효원,경로당,경로당,경기도 수원시 영통구 매탄로65번길 17 (매탄동),37.25704248,127.040449,031-222-6974,,영업,2025-11-21
606,동남(아),경로당,경로당,"경기도 수원시 영통구 동수원로 432 (매탄동, 동남아파트)",37.26731163,127.0425746,031-213-9129,,영업,2025-11-21
607,매탄공원,경로당,경로당,경기도 수원시 영통구 매탄로 185 (매탄동),37.26713341,127.0454804,031-215-1797,,영업,2025-11-21
608,산드래미,경로당,경로당,경기도 수원시 영통구 매원로11번길 8-16 (매탄동),37.2671453,127.0482113,031-216-1812,,영업,2025-11-21
609,산드래미아랫말,경로당,경로당,경기도 수원시 영통구 산남로4번길 27 (매탄동),37.26385648,127.0487029,031-214-2342,,영업,2025-11-21
610,삼성1차(아),경로당,경로당,"경기도 수원시 영통구 인계로 219 (매탄동, 삼성1차아파트)",37.26558864,127.0413586,031-212-5427,,영업,2025-11-21
611,삼성2차(아),경로당,경로당,"경기도 수원시 영통구 매영로 10 (매탄동, 삼성2차아파트)",37.2701205,127.0434332,031-212-0780,,영업,2025-11-21
612,삼성3차(아),경로당,경로당,"경기도 수원시 영통구 동탄원천로 1035 (매탄동, 삼성3차아파트)",37.26502826,127.0498262,031-216-7771,,영업,2025-11-21
613,성일(아),경로당,경로당,"경기도 수원시 영통구 인계로 239 (매탄동, 성일아파트)",37.26506533,127.0433406,031-215-2767,,영업,2025-11-21
614,매탄레이크파크(아) 경로당,경로당,경로당,"경기도 수원시 영통구 매영로 132 (매탄동, 원천1단지주공아파트)",37.26658339,127.0565971,031-213-8786,,영업,2025-11-21
615,한국2차(아),경로당,경로당,"경기도 수원시 영통구 매영로 84 (매탄동, 한국2차아파트)",37.26819975,127.0500435,031-216-0600,,영업,2025-11-21
616,현대(아),경로당,경로당,"경기도 수원시 영통구 동수원로 448 (매탄동, 현대아파트)",37.26882098,127.0427786,031-212-9685,,영업,2025-11-21
617,매원,경로당,경로당,경기도 수원시 영통구 신원로276번길 36 (원천동),37.26031951,127.0627036,031-212-6888,,영업,2025-11-21
618,아주(아),경로당,경로당,"경기도 수원시 영통구 동수원로537번길 50 (원천동, 아주아파트)",37.27504538,127.0461139,031-213-0543,,영업,2025-11-21
619,원천레이크파크,경로당,경로당,"경기도 수원시 영통구 중부대로448번길 28 (원천동, 원천2단지아파트)",37.26713882,127.058579,031-214-0062,,영업,2025-11-21
620,원천먼내,경로당,경로당,경기도 수원시 영통구 동탄원천로1109번길 22 (원천동),37.2695775,127.0576457,031-212-0756,,영업,2025-11-21
621,원천삼성1차,경로당,경로당,"경기도 수원시 영통구 삼성로268번길 8 (원천동, 원천삼성아파트)",37.26496715,127.0627651,031-216-5204,,영업,2025-11-21
622,원천주공(아),경로당,경로당,"경기도 수원시 영통구 중부대로271번길 27-9 (원천동, 주공아파트)",37.27630602,127.0468147,031-212-4943,,영업,2025-11-21
623,원천신미주,경로당,경로당,"경기도 수원시 영통구 삼성로 308 (원천동, 원천신미주아파트)",37.26684921,127.067581,031-211-9313,,영업,2025-11-21
624,광교에일린의뜰,경로당,경로당,"경기도 수원시 영통구 광교호수공원로155 (원천동, 광교에일린의뜰)",37.27661056,127.0601989,031-214-7972,,영업,2025-11-21
625,광교 가람 호반베르디움(아),경로당,경로당,"경기도 수원시 영통구 광교호수공원로 45 (원천동, 광교호반베르디움)",37.2732911,127.0569897,031-216-1195,,영업,2025-11-21
626,광교공공실버주택,경로당,경로당,"경기도 수원시 영통구 월드컵로150번길 55 (원천동,광교공공실버주택)",37.27965427,127.0499454,031-273-9850,,영업,2025-11-21
627,광교 중흥,경로당,경로당,경기도 수원시 영통구 광교호수공원로 277 (원천동),37.28394176,127.056778,031-211-1137,,영업,2025-11-21
628,광교아이파크,경로당,경로당,경기도 수원시 영통구 광교호수공원로 80 (원천동),37.27308767,127.0612627,031-216-9433,,영업,2025-11-21
629,광교더샵(아),경로당,경로당,경기도 수원시 영통구 광교호수로 15,37.27069616,127.061017,031-214-5982,,영업,2025-11-21
630,더샵광교레이크시티,경로당,경로당,"경기도 수원시 영통구 광교호수공원로 20(원천동, 더샵광교레이크시티)",37.2716415741,127.0605191413,31-217-7341,,영업,2025-11-21
631,래미안 광교,경로당,경로당,"경기도 수원시 영통구 센트럴파크로60 (이의동,래미안광교아파트)",37.2911454,127.0603832,031-217-5162,,영업,2025-11-21
632,광교오드카운티(아),경로당,경로당,"경기도 수원시 영통구 센트럴파크로100 (이의동,오드카운티)",37.29192761,127.0585563,031-217-1994,,영업,2025-11-21
633,호반가든하임,경로당,경로당,"경기도 수원시 영통구 웰빙타운로20 (이의동,호반가든하임)",37.30572632,127.0504052,031-213-7474,,영업,2025-11-21
634,광교2차이편한세상,경로당,경로당,"경기도 수원시 영통구 웰빙타운로50 (이의동,광교2차이편한세상)",37.3065012,127.0469257,031-212-7806,,영업,2025-11-21
635,광교호반베르디움,경로당,경로당,"경기도 수원시 영통구 웰빙타운로70 (이의동,광교호반베르디움)",37.30661576,127.0447261,031-216-7616,,영업,2025-11-21
636,이편한세상광교,경로당,경로당,"경기도 수원시 영통구 센트럴타운로 76 (이의동, e편한세상광교)",37.29111524,127.0523897,031-213-3647,,영업,2025-11-21
637,자연앤자이13블럭,경로당,경로당,"경기도 수원시 영통구 도청로 17번길 23 (이의동, 자연앤자이)",37.28527646,127.0543026,031-213-2786,,영업,2025-11-21
638,광교자연앤힐스테이트,경로당,경로당,"경기도 수원시 영통구 도청로 65 (이의동,자연앤힐스테이트)",37.28927843,127.0493314,031-216-3360,,영업,2025-11-21
639,광교 센트럴타운 60단지(아),경로당,경로당,"경기도 수원시 영통구 센트럴타운로22번길 36 (이의동, 광교 센트럴타운 60단지)",37.28916508,127.0578864,031-213-6543,,영업,2025-11-21
640,써밋플레이스광교,경로당,경로당,"경기도 수원시 영통구 센트럴타운로 85 (이의동,써밋플레이스광교)",37.29156767,127.0504709,031-212-2297,,영업,2025-11-21
641,광교월드마크,경로당,경로당,"경기도 수원시 영통구 센트럴타운로 107 (이의동, 광교푸르지오 월드마크)",37.29261276,127.0481421,031-217-1733,,영업,2025-11-21
642,광교캠퍼스타운참누리(아),경로당,경로당,"경기도 수원시 영통구 대학3로 55 (이의동,광교캠퍼스타운참누리(아))",37.30294122,127.0383769,031-216-7510,,영업,2025-11-21
643,광교카페거리,경로당,경로당,"경기도 수원시 영통구 센트럴파크로127번길 98, 401호 (이의동)",37.29367131,127.0525748,,,영업,2025-11-21
644,광교대학로,경로당,경로당,경기도 수원시 영통구 대학4로 23 (이의동),37.29970585,127.0470346,031-212-2115,,영업,2025-11-21
645,광교호반트라엘(아),경로당,경로당,"경기도 수원시 영통구 대학로 98 (이의동, 광교호반베르디움트라엘(아))",37.3032878,127.0492229,031-217-3008,,영업,2025-11-21
646,광교해모로(아)경로당,경로당,경로당,"경기도 수원시 영통구 광교로 286 (이의동, 광교해모로(아))",37.30565499,127.0523971,031-216-8754,,영업,2025-11-21
647,광교50단지(아)경로당,경로당,경로당,"경기도 수원시 영통구 에듀타운로7 (이의동, 광교50단지(아))",37.28384007,127.0523832,031-212-5104,,영업,2025-11-21
648,광교아르데코,경로당,경로당,"경기도 수원시 영통구 광교로42번길80 (이의동, 광교아르데코 아파트)",37.28659939,127.0445229,031-215-3435,,영업,2025-11-21
649,광교대광로제비앙,경로당,경로당,"경기도 수원시 영통구 웰빙타운로 106 (이의동, 광교대광로제비앙)",37.30686436,127.0417695,031-214-9901,,영업,2025-11-21
650,광교파크자이더테라스,경로당,경로당,"경기도 수원시 영통구 웰빙타운로 130(이의동, 광교파크자이더테라스)",37.310283997,127.0367924273,031-214-3309,,영업,2025-11-21
651,호수마을32단지,경로당,경로당,"경기도 수원시 영통구 광교중앙로 247 (하동, 휴먼시아아파트)",37.29461445,127.0655342,031-214-1333,,영업,2025-11-21
652,호반마을휴먼시아20단지,경로당,경로당,"경기도 수원시 영통구 광교호수로 84 (하동, 휴먼시아아파트)",37.27601134,127.0676006,031-211-4984,,영업,2025-11-21
653,광교호수마을 호반써밋,경로당,경로당,"경기도 수원시 영통구 법조로 134 (하동, 광교호수마을호수써밋)",37.2914718,127.0723564,031-214-3336,,영업,2025-11-21
654,광교마을40단지(아),경로당,경로당,"경기도 수원시 영통구 광교마을로 156 (하동, 광교마을 40단지)",37.29533196,127.0813418,031-217-0410,,영업,2025-11-21
655,광교더리브(아),경로당,경로당,"경기도 수원시 영통구 센트럴파크로 34 (하동, 광교 센트럴타운 62단지)",37.28975474,127.0624657,031-212-5508,,영업,2025-11-21
656,광교호반마을21단지(아),경로당,경로당,"경기도 수원시 영통구 광교호수로152번길 80 (하동, 광교호반마을21단지)",37.27831028,127.0681819,031-213-4250,,영업,2025-11-21
657,광교호반마을22단지,경로당,경로당,"경기도 수원시 영통구 광교호수로152번길 24 (하동, 광교호반마을22단지)",37.28043923,127.06978,031-213-2248,,영업,2025-11-21
658,광교레이크파크수자인경로당,경로당,경로당,"경기도 수원시 영통구 광교호수로152번길 23(하동, 광교레이크파크한양수자인아파트)",37.28111051,127.0723223,031-211-1937,,영업,2025-11-21
659,힐스테이트광교,경로당,경로당,"경기도 수원시 영통구 센트럴파크로 6 (하동, 힐스테이트광교)",37.28667107,127.0648956,031-216-9306,,영업,2025-11-21
660,대우·동신,경로당,경로당,"경기도 수원시 영통구 영통로 460 (영통동, 대우동신아파트)",37.26014439,127.0758794,031-205-4433,,영업,2025-11-21
661,삼성(아),경로당,경로당,"경기도 수원시 영통구 청명북로 33 (영통동, 삼성아파트)",37.25445697,127.0800375,031-307-3667,,영업,2025-11-21
662,영통건영1차,경로당,경로당,"경기도 수원시 영통구 청명로 100 (영통동, 건영아파트)",37.25578469,127.0771421,031-204-1525,,영업,2025-11-21
663,영통에듀파크,경로당,경로당,"경기도 수원시 영통구 청명로 132 (영통동, 삼익.벽산 아파트)",37.25743303,127.0743707,031-205-5377,,영업,2025-11-21
664,청명주공4단지,경로당,경로당,"경기도 수원시 영통구 청명북로 81 (영통동, 영통주공4단지)",37.25886309,127.079878,031-204-3888,,영업,2025-11-21
665,황골마을 벽산·풍림,경로당,경로당,"경기도 수원시 영통구 봉영로1744번길 11 (영통동, 황골벽산풍림아파트)",37.26663771,127.0830516,031-204-8846,,영업,2025-11-21
666,황골신명·한국,경로당,경로당,"경기도 수원시 영통구 봉영로1770번길 21 (영통동, 황골신명한국아파트)",37.26741745,127.0830811,031-205-6610,,영업,2025-11-21
667,황골쌍용,경로당,경로당,"경기도 수원시 영통구 봉영로1744번길 16 (영통동, 황골쌍용아파트)",37.26436822,127.0828537,031-205-1203,,영업,2025-11-21
668,영통포레파크원(아),경로당,경로당,"경기도 수원시 영통구 영통로 498 (영통동, 황골주공1차아파트)",37.26322575,127.0785394,031-204-8333,,영업,2025-11-21
669,영통센트럴파크뷰,경로당,경로당,"경기도 수원시 영통구 영통로514번길 53 (영통동,영통센트럴파크뷰아파트)",37.26491233,127.0813304,031-206-1147,,영업,2025-11-21
670,영통아이파크,경로당,경로당,"경기도 수원시 영통구 삼성로320번길 62 (영통동, 영통아이파크)",37.26604056,127.071056,031-206-6552,,영업,2025-11-21
671,롯데(아),경로당,경로당,"경기도 수원시 영통구 덕영대로1555번길 16 (영통동, 벽적골롯데아파트)",37.24679039,127.0615885,031-304-5937,,영업,2025-11-21
672,벽적골 두산·한신·우성,경로당,경로당,"경기도 수원시 영통구 영통로 232 (영통동, 벽적골두산한신우성아파트)",37.24841988,127.0584849,031-309-3044,,영업,2025-11-21
673,벽적골 삼성·태영,경로당,경로당,"경기도 수원시 영통구 봉영로1517번길 73 (영통동, 벽적골삼성태영아파트)",37.24973572,127.0646417,031-204-2847,,영업,2025-11-21
674,벽적골주공 8단지2차,경로당,경로당,"경기도 수원시 영통구 영통로290번길 26 (영통동, 벽적골주공8단지아파트)",37.25092566,127.0625879,031-204-9487,,영업,2025-11-21
675,벽적골주공 9단지,경로당,경로당,"경기도 수원시 영통구 봉영로1517번길 27 (영통동, 벽적골주공9단지아파트)",37.24813812,127.0671583,031-202-7365,,영업,2025-11-21
676,벌터,경로당,경로당,경기도 수원시 영통구 신원로 39 (신동),37.24912304,127.0465181,031-202-5294,,영업,2025-11-21
677,래미안영통마크원2단지(아),경로당,경로당,"경기도 수원시 영통구 삼성로11 (신동,래미안영통마크원2단지아파트)",37.24784585,127.0464358,031-202-2021,,영업,2025-11-21
678,래미안영통마크원1단지,경로당,경로당,"경기도 수원시 영통구 권선로908번길 72 (신동, 래미안영통마크원1단지아파트)",37.24652986,127.0428936,031-206-7686,,영업,2025-11-21
679,신성,경로당,경로당,경기도 수원시 영통구 청명로59번길 7-16 (영통동),37.25175858,127.0800852,031-202-8814,,영업,2025-11-21
680,영통동,경로당,경로당,경기도 수원시 영통구 매영로 421-7 (영통동),37.24911161,127.0774807,031-204-9185,,영업,2025-11-21
681,건영2차(아),경로당,경로당,"경기도 수원시 영통구 매영로 346 (영통동, 건영2차아파트)",37.25149899,127.0702935,031-206-8168,,영업,2025-11-21
682,극동.풍림(아),경로당,경로당,"경기도 수원시 영통구 봉영로1517번길 30 (영통동, 극동.풍림 아파트)",37.25026714,127.0675699,031-206-8253,,영업,2025-11-21
683,살구골서광·성지·동아·진덕,경로당,경로당,"경기도 수원시 영통구 봉영로 1526 (영통동, 살구마을아파트)",37.24851981,127.0696446,031-204-0512,,영업,2025-11-21
684,살구골현대,경로당,경로당,"경기도 수원시 영통구 매영로 366 (영통동, 현대아파트)",37.25066343,127.0716869,031-205-3315,,영업,2025-11-21
685,신나무실 신성 신안·쌍용·진흥,경로당,경로당,"경기도 수원시 영통구 매영로310번길 12 (영통동, 신나무실5단지아파트)",37.25373616,127.0664479,031-205-0010,,영업,2025-11-21
686,신나무실 신명·동보,경로당,경로당,"경기도 수원시 영통구 봉영로1517번길 76 (영통동, 동보.신명 아파트)",37.25105346,127.0645368,031-204-8536,,영업,2025-11-21
687,신나무주공 5단지1차,경로당,경로당,"경기도 수원시 영통구 영통로290번길 25 (영통동, 신나무주공5단지1차아파트)",37.25160543,127.0627228,031-203-4922,,영업,2025-11-21
688,신원.미주(아),경로당,경로당,"경기도 수원시 영통구 매영로310번길 27 (영통동, 신나무실6단지아파트)",37.25230679,127.0662168,031-308-8111,,영업,2025-11-21
689,영통3차 풍림아이원,경로당,경로당,"경기도 수원시 영통구 봉영로1482번길 18 (영통동, 풍림아이원아파트)",37.24484092,127.066211,031-202-2616,,영업,2025-11-21
690,영통2동 e-편한세상아파트,경로당,경로당,"경기도 수원시 영통구 영통로200번길 239 (영통동, e편한세상아파트)",37.24607318,127.0674939,031-202-1364,,영업,2025-11-21
691,희망,경로당,경로당,경기도 수원시 영통구 신원로250번길 68-3 (영통동),37.25721412,127.0637939,031-204-6999,,영업,2025-11-21
692,우문,경로당,경로당,경기도 수원시 영통구 영통로90번길 55 (망포동),37.23941558,127.0586236,031-204-6668,,영업,2025-11-21
693,늘푸른벽산(아),경로당,경로당,"경기도 수원시 영통구 영통로90번길 4-27 (망포동, 늘푸른벽산아파트)",37.23894395,127.0604579,031-205-1123,,영업,2025-11-21
694,LG1차(아),경로당,경로당,"경기도 수원시 영통구 태장로82번길 32 (망포동, LG1차아파트)",37.23629436,127.0528784,031-273-0617,,영업,2025-11-21
695,망포1차아이파크,경로당,경로당,"경기도 수원시 영통구 영통로200번길 20 (망포동, 망포1차아이파크)",37.24332503,127.057711,031-205-1355,,영업,2025-11-21
696,LG동수원자이(아),경로당,경로당,"경기도 수원시 영통구 태장로82번길 33 (망포동, LG동수원자이아파트)",37.23747229,127.0552593,031-202-1992,,영업,2025-11-21
697,영통뜨란채(아),경로당,경로당,"경기도 수원시 영통구 영통로200번길 156 (망포동, 방죽마을영통뜨란채아파트)",37.24324686,127.0657663,031-205-8559,,영업,2025-11-21
698,센트럴하이츠아파트,경로당,경로당,"경기도 수원시 영통구 영통로 154번길 51-16 (망포동, 센트럴하이츠아파트)",37.2419053,127.0588947,031-203-0335,,영업,2025-11-21
699,망포동 한양 수자인(아),경로당,경로당,"경기도 수원시 영통구 영통로154번길 56 (망포동, 한양수자인아파트)",37.24114742,127.058201,031-204-8330,,영업,2025-11-21
700,청와(아),경로당,경로당,"경기도 수원시 영통구 영통로173번길 23-26 (망포동, 청와아파트)",37.24220853,127.0515014,031-202-9470,,영업,2025-11-21
701,동수원자이2차,경로당,경로당,"경기도 수원시 영통구 태장로71번길 19 (망포동, 동수원자이Ⅱ아파트)",37.23961177,127.0532131,031-205-1058,,영업,2025-11-21
702,그대가프리미어,경로당,경로당,"경기도 수원시 영통구 덕영대로1484번길 21 (망포동, 그대가 프리미어 아파트)",37.2447496,127.053661,031-202-4965,,영업,2025-11-21
703,망포쌍용(아),경로당,경로당,"경기도 수원시 영통구 영통로173번길 37 (망포동, 쌍용1차아파트)",37.24325447,127.0533113,031-309-6832,,영업,2025-11-21
704,망포현대2차아이파크,경로당,경로당,"경기도 수원시 영통구 태장로 45 (망포동, 망포마을현대2차아이파크아파트)",37.23945103,127.0519665,031-205-2585,,영업,2025-11-21
705,망포벽산e빌리지(아),경로당,경로당,경기도 수원시 영통구 동탄지성로488번길 22 (망포동),37.23784985,127.0470782,031-205-2076,,영업,2025-11-21
706,힐스테이트영통아파트,경로당,경로당,"경기도 수원시 영통구 덕영대로 1462-14 (망포동, 힐스테이트영통)",37.2416363,127.0471035,031-202-2989,,영업,2025-11-21
707,영통아이파크캐슬1단지,경로당,경로당,"경기도 수원시 영통구 덕영대로 1410 (망포동, 영통아이파크캐슬1단지)",37.24178159,127.0436985,031-202-4710,,영업,2025-11-21
708,영통아이파크캐슬2단지,경로당,경로당,"경기도 수원시 영통구 덕영대로 1400 (망포동, 영통아이파크캐슬2단지)",37.24183079,127.0414551,031-203-7751,,영업,2025-11-21
709,영통엘클래스2단지,경로당,경로당,"경기도 수원시 영통구 망포로48번길 7(망포동, 영통롯데캐슬엘크래스2단지) ",37.2400830643,127.0390737278,031-273-8794,,영업,2025-11-21
